District Names,State/UT,Women (age 15-49) who are literate4 (%),Women (age 15-49)  with 10 or more years of schooling (%),Women age 15-19 years who were already mothers or pregnant at the time of the survey (%),Mothers who consumed iron folic acid for 100 days or more when they were pregnant (for last birth in the 5 years before the survey) (%),Institutional births (in the 5 years before the survey) (%),Women (age 15-49 years) whose Body Mass Index (BMI) is below normal (BMI <18.5 kg/m2)21 (%),Population living in households that use an improved sanitation facility2 (%),Households using clean fuel for cooking3 (%),Households with any usual member covered under a health insurance/financing scheme (%),All women age 15-49 years who are anaemic22 (%),Children age 6-59 months who are anaemic (<11.0 g/dl)22 (%),Non-pregnant women age 15-49 years who are anaemic (<12.0 g/dl)22 (%),Pregnant women age 15-49 years who are anaemic (<11.0 g/dl)22 (%),All women age 15-19 years who are anaemic22 (%)
Nicobars,Andaman & Nicobar Islands,87.5,53.5,1.8,72.6,97.8,8.2,83.5,56.9,2.7,38.3,37.7,38.4,53.3,48.0
North & Middle Andaman ,Andaman & Nicobar Islands,84.0,41.0,3.8,83.7,97.7,8.6,86.4,61.3,2.1,62.1,30.4,62.5,53.3,47.8
South Andaman ,Andaman & Nicobar Islands,86.7,57.5,2.8,81.0,99.5,10.0,89.3,91.9,1.2,57.7,43.4,57.6,53.3,43.2
Srikakulam ,Andhra Pradesh,64.3,42.5,5.5,67.5,97.9,13.8,71.6,74.7,75.6,62.6,59.6,62.8,53.3,59.2
Vizianagaram ,Andhra Pradesh,58.3,37.6,12.7,59.6,99.0,16.9,61.7,60.3,76.7,64.0,66.7,64.6,53.3,73.9
Visakhapatnam ,Andhra Pradesh,69.5,46.0,9.5,75.0,95.3,17.4,77.8,72.9,64.9,58.0,72.6,58.6,53.3,58.9
East Godavari ,Andhra Pradesh,77.9,43.2,6.2,62.7,96.6,10.2,77.7,80.3,66.4,63.0,66.8,63.2,53.3,65.2
West Godavari ,Andhra Pradesh,77.0,46.5,13.4,82.8,98.7,10.1,80.8,86.8,67.6,63.0,62.3,63.1,53.3,66.8
Krishna ,Andhra Pradesh,76.9,46.2,9.6,56.2,98.9,10.5,79.1,89.8,68.1,60.3,65.7,60.4,53.3,59.0
Guntur ,Andhra Pradesh,68.5,32.6,20.7,75.1,98.6,9.6,83.4,91.7,71.1,59.5,59.3,59.8,53.3,54.6
Prakasam ,Andhra Pradesh,62.8,34.5,16.4,69.0,97.4,14.4,78.4,90.8,67.6,60.4,62.6,60.6,53.3,64.8
Sri Potti Sriramulu Nello ,Andhra Pradesh,70.5,38.7,14.9,76.1,97.0,15.2,81.8,84.6,72.3,59.4,67.5,59.6,53.3,68.6
Y.S.R. ,Andhra Pradesh,63.8,40.0,10.9,71.2,99.4,15.9,85.4,94.3,73.3,56.1,60.6,56.1,53.3,60.2
Kurnool ,Andhra Pradesh,57.0,33.4,12.4,69.8,88.5,20.6,73.5,78.1,73.3,58.6,70.8,58.3,53.3,61.1
Anantapur ,Andhra Pradesh,63.6,31.3,13.6,72.0,94.7,21.9,71.3,86.4,73.2,50.5,55.8,50.3,53.3,50.0
Chittoor ,Andhra Pradesh,69.3,40.3,19.7,71.7,97.1,20.1,74.6,86.6,70.7,51.8,54.9,51.8,53.3,43.9
Tawang ,Arunachal Pradesh,59.1,39.2,1.4,28.2,84.2,1.2,81.7,88.1,33.5,59.1,89.6,59.2,53.3,76.3
West Kameng ,Arunachal Pradesh,73.7,43.6,1.4,18.5,93.6,1.9,88.9,88.9,38.3,37.4,66.6,38.4,18.2,50.9
East Kameng ,Arunachal Pradesh,62.2,31.8,8.1,11.2,76.0,4.8,75.6,49.5,25.1,26.2,51.7,26.9,53.3,39.5
Papum Pare ,Arunachal Pradesh,78.2,50.5,6.0,24.8,88.0,5.3,75.7,81.3,26.9,38.4,53.4,39.4,53.3,44.4
Upper Subansiri ,Arunachal Pradesh,64.3,31.8,13.2,23.6,77.0,2.8,80.9,32.8,21.5,36.7,60.4,36.6,53.3,39.2
Upper Siang ,Arunachal Pradesh,74.4,34.8,7.1,12.6,76.0,2.4,91.8,36.3,34.6,29.2,51.0,29.4,53.3,27.2
Changlang ,Arunachal Pradesh,77.6,30.5,9.0,37.3,75.1,10.5,82.3,34.1,40.5,57.2,65.3,57.1,53.3,67.1
Lower Subansiri ,Arunachal Pradesh,76.8,49.9,2.0,15.2,89.8,4.3,82.8,60.8,24.5,40.5,52.4,41.1,53.3,59.4
Dibang Valley ,Arunachal Pradesh,77.8,43.2,0.7,25.4,85.5,3.8,95.0,49.3,28.7,62.9,88.6,64.3,53.3,67.7
Lower Dibang Valley ,Arunachal Pradesh,81.6,51.9,1.6,25.8,90.1,4.1,89.9,57.4,36.8,34.6,51.5,35.3,53.3,39.4
Anjaw ,Arunachal Pradesh,67.9,28.8,5.1,16.5,78.0,2.4,86.8,29.0,17.5,35.9,57.1,36.9,19.7,42.2
East Siang ,Arunachal Pradesh,83.8,55.6,4.6,11.4,90.8,6.8,83.9,52.4,30.5,35.2,51.5,35.3,53.3,40.4
Kra Daadi ,Arunachal Pradesh,55.3,27.4,12.9,12.7,73.5,2.0,89.3,78.3,24.0,22.6,62.0,24.3,53.3,37.2
Kurung Kumey ,Arunachal Pradesh,76.5,34.7,7.7,23.8,69.2,2.7,78.3,57.3,13.4,34.8,62.4,35.5,53.3,42.2
Lohit ,Arunachal Pradesh,73.4,37.3,5.4,34.1,90.2,8.0,83.7,63.9,31.9,47.2,52.5,47.6,53.3,51.5
Longding ,Arunachal Pradesh,71.9,27.7,2.2,33.4,64.5,4.0,83.5,22.4,23.8,34.1,38.4,35.0,19.1,37.7
Namsai ,Arunachal Pradesh,67.1,22.2,11.3,33.6,63.6,12.8,75.1,28.7,30.9,58.6,59.2,58.8,53.3,58.5
Siang ,Arunachal Pradesh,87.4,50.6,0.5,21.5,81.1,6.5,91.2,27.6,26.1,23.9,24.9,24.4,53.3,23.4
Tirap ,Arunachal Pradesh,75.1,40.2,4.0,27.4,70.2,5.5,86.7,50.4,30.8,32.0,48.4,32.4,53.3,53.0
West Siang ,Arunachal Pradesh,77.9,46.3,4.7,9.9,84.6,4.4,87.7,57.1,26.6,30.5,45.6,31.2,53.3,36.7
Kokrajhar ,Assam,73.7,27.5,11.3,61.1,81.9,10.6,72.2,43.3,50.2,59.5,74.7,59.5,53.3,63.7
Goalpara ,Assam,74.1,23.4,13.3,52.2,92.3,12.2,75.3,36.3,71.1,64.9,60.7,65.5,53.3,66.9
Barpeta ,Assam,74.8,31.7,14.2,49.4,87.6,14.6,63.7,38.7,58.9,64.8,63.5,65.6,47.6,70.7
Morigaon ,Assam,78.7,24.5,11.6,53.4,88.3,15.0,62.3,37.6,62.5,64.2,53.3,64.9,53.3,71.8
Lakhimpur ,Assam,83.9,42.1,8.2,42.2,96.2,17.3,74.2,36.1,67.0,65.4,69.3,66.3,53.3,71.5
Dhemaji ,Assam,81.5,43.6,10.8,45.3,87.3,12.1,70.8,21.6,66.8,62.9,73.1,62.9,53.3,59.3
Tinsukia ,Assam,70.5,25.6,6.1,43.8,82.6,17.6,66.7,40.9,60.0,72.8,66.4,72.9,53.3,71.5
Dibrugarh ,Assam,76.6,33.7,4.8,58.9,93.1,20.3,75.3,44.7,58.8,70.8,66.4,72.0,47.2,64.3
Golaghat ,Assam,75.1,27.9,9.5,63.7,90.4,25.1,73.1,33.1,69.3,77.2,75.1,77.2,53.3,74.7
Dima Hasao ,Assam,87.7,42.4,5.4,40.8,89.5,10.0,83.8,48.2,61.9,60.5,73.1,61.1,53.3,70.9
Cachar ,Assam,77.2,25.8,8.5,35.6,79.2,19.7,57.6,43.0,57.9,57.4,61.8,58.2,44.0,57.6
Karimganj ,Assam,80.7,19.6,9.9,39.9,76.4,17.8,61.5,39.6,64.4,52.0,64.1,52.5,41.9,60.6
Hailakandi ,Assam,82.2,25.3,10.4,29.0,83.0,25.7,60.0,35.2,53.6,61.4,59.5,61.5,58.7,58.1
Bongaigaon ,Assam,75.8,28.6,15.4,46.7,84.5,13.1,72.5,49.8,57.6,70.6,77.2,71.4,53.3,73.8
Chirang ,Assam,71.5,23.0,13.7,47.1,83.7,17.2,77.1,44.5,61.5,65.2,70.4,65.7,53.3,68.8
Kamrup ,Assam,79.6,39.2,15.7,42.5,85.0,12.9,68.7,57.4,47.0,71.5,72.9,71.7,53.3,72.5
Kamrup Metropolitan ,Assam,86.0,49.1,10.1,51.7,89.1,12.6,65.2,85.1,45.5,74.6,80.4,75.2,53.3,80.6
Nalbari ,Assam,83.9,41.6,8.6,38.6,91.8,16.4,68.1,51.1,52.5,66.4,71.0,66.9,53.3,66.8
Baksa ,Assam,74.8,27.8,12.3,56.2,89.9,15.1,68.9,35.2,69.0,73.6,78.6,73.8,53.3,76.6
Darrang ,Assam,75.6,27.5,16.1,43.3,84.4,17.4,67.9,30.1,53.7,70.4,66.8,71.4,51.6,69.9
Udalguri ,Assam,70.0,23.8,4.7,44.2,86.2,16.1,73.8,34.0,70.6,81.5,77.6,82.2,53.3,72.6
Biswanath ,Assam,69.2,23.0,9.0,63.7,84.3,22.0,76.6,35.0,68.4,64.4,79.8,65.1,53.3,67.8
Charaideo ,Assam,71.9,26.2,3.8,51.7,88.2,24.7,75.9,27.3,64.9,72.3,69.7,72.6,53.3,76.1
Dhubri ,Assam,69.5,20.4,22.4,47.6,64.2,22.2,61.8,40.7,59.4,63.2,73.1,63.0,53.3,65.2
Hojai ,Assam,83.2,23.1,15.6,50.5,82.1,19.3,63.1,52.0,67.4,56.3,56.8,56.6,53.3,54.3
Jorhat ,Assam,85.1,42.9,12.9,52.1,96.5,22.5,80.4,48.3,60.1,71.8,74.1,72.4,53.3,75.1
Karbi Anglong ,Assam,78.8,30.3,9.1,35.3,74.9,10.0,75.2,33.4,54.1,59.0,67.5,59.5,53.3,57.5
Majuli ,Assam,83.4,41.7,10.4,56.7,90.3,18.0,65.6,19.3,60.8,67.8,73.0,68.1,53.3,65.5
Nagaon ,Assam,78.4,22.1,15.0,46.5,83.7,21.5,66.1,38.6,59.4,61.0,68.6,61.0,53.3,65.1
Sivasagar ,Assam,86.6,47.1,12.8,53.7,95.3,20.5,82.3,45.5,60.7,67.6,67.5,68.0,53.3,67.2
Sonitpur ,Assam,76.9,24.3,6.5,56.4,83.5,21.4,72.2,45.8,66.9,63.6,69.4,64.3,53.3,55.5
South Salmara Mancachar ,Assam,63.5,20.9,22.0,47.4,71.7,11.9,59.0,28.5,68.2,57.1,69.6,58.2,37.6,64.5
West Karbi Anglong ,Assam,73.9,21.7,6.0,39.9,72.5,13.1,76.7,17.7,63.1,57.9,79.0,58.8,53.3,58.8
Pashchim Champaran ,Bihar,52.5,21.6,12.5,9.9,79.5,24.6,43.3,31.4,20.0,50.6,61.6,49.8,61.4,56.3
Purba Champaran ,Bihar,50.2,20.1,12.7,18.4,61.5,23.4,48.3,44.2,19.4,57.3,61.0,57.1,61.1,64.4
Sheohar ,Bihar,52.5,21.0,3.3,11.3,74.3,20.0,57.9,31.3,18.1,61.6,73.1,63.4,37.3,64.3
Sitamarhi ,Bihar,51.7,19.2,13.1,14.3,64.4,31.8,50.7,40.5,20.7,61.7,70.0,61.8,59.7,61.4
Madhubani ,Bihar,53.2,26.5,10.2,16.2,73.7,25.1,38.2,40.0,19.2,61.4,71.0,60.9,68.0,69.2
Supaul ,Bihar,42.1,16.2,17.0,13.2,80.4,30.9,50.7,15.0,14.2,60.7,63.6,61.0,56.1,63.2
Araria ,Bihar,43.7,16.8,13.3,17.6,66.2,30.4,32.2,15.2,19.5,67.9,75.8,67.7,70.5,64.0
Kishanganj ,Bihar,48.0,15.0,10.0,17.5,54.6,29.1,52.4,15.3,8.1,65.1,67.5,64.9,68.4,62.6
Purnia ,Bihar,47.5,19.2,21.4,12.7,68.9,31.4,35.6,19.3,10.2,66.0,68.0,65.1,74.6,64.0
Katihar ,Bihar,49.7,19.8,16.1,16.2,66.9,26.4,44.6,16.9,8.4,68.4,65.6,68.9,61.0,66.7
Madhepura ,Bihar,47.6,23.2,20.8,14.9,75.0,32.0,34.6,13.4,9.5,65.7,67.7,65.4,69.0,70.4
Saharsa ,Bihar,43.1,20.9,23.5,12.1,70.4,31.0,40.5,25.2,12.8,65.3,69.3,65.7,61.8,67.9
Darbhanga ,Bihar,49.4,22.7,10.3,22.0,69.9,25.6,48.7,41.6,25.3,60.8,68.9,61.3,52.5,59.7
Muzaffarpur ,Bihar,63.0,33.8,8.2,13.7,72.5,25.2,55.2,41.5,13.2,58.9,64.6,58.7,61.7,66.1
Gopalganj ,Bihar,63.3,32.9,7.6,23.6,85.9,22.7,60.1,39.4,12.7,53.8,56.1,53.8,54.0,54.1
Siwan ,Bihar,70.9,38.9,2.6,21.1,86.4,18.1,47.7,48.0,8.2,53.1,63.9,53.0,53.3,64.0
Saran ,Bihar,65.6,35.5,6.2,14.8,73.0,22.1,37.2,36.8,9.4,62.8,69.8,63.0,59.1,70.9
Vaishali ,Bihar,62.4,34.0,8.1,14.8,81.6,26.1,52.6,40.9,13.5,63.1,77.1,62.9,66.8,69.6
Samastipur ,Bihar,54.3,26.5,14.9,20.8,83.4,26.7,48.8,36.1,19.0,60.5,67.2,59.9,69.7,65.9
Begusarai ,Bihar,62.3,34.1,12.1,21.4,86.0,26.0,62.2,45.2,13.2,62.9,74.5,63.2,58.7,64.3
Khagaria ,Bihar,51.8,26.6,15.1,15.8,74.2,24.7,65.0,33.2,15.6,59.5,67.1,59.1,62.9,65.1
Bhagalpur ,Bihar,65.6,35.1,14.3,28.0,77.2,22.9,60.9,49.2,16.3,73.0,78.7,73.7,63.7,73.9
Banka ,Bihar,55.7,22.6,19.2,24.5,79.8,23.8,38.2,32.3,13.6,65.9,77.8,65.7,68.6,60.4
Munger ,Bihar,69.5,44.4,9.6,33.0,93.2,23.7,62.8,59.4,15.2,71.4,74.3,71.3,72.9,73.8
Lakhisarai ,Bihar,57.9,30.0,13.0,21.1,75.8,25.3,51.6,42.6,15.1,72.6,77.2,72.9,67.8,75.1
Sheikhpura ,Bihar,55.0,28.3,10.2,24.1,89.2,24.1,54.2,40.3,9.7,69.5,80.1,69.7,53.3,73.9
Nalanda ,Bihar,56.1,28.8,10.0,16.4,80.3,23.8,52.5,41.0,12.8,71.0,80.3,71.5,61.7,70.2
Patna ,Bihar,67.6,43.6,10.1,20.7,89.1,22.6,61.0,64.6,10.2,67.1,65.4,67.3,53.3,62.8
Bhojpur ,Bihar,64.1,34.6,5.3,15.5,86.9,23.1,45.9,42.9,9.6,73.6,67.7,73.9,68.3,72.7
Buxar ,Bihar,68.1,33.3,7.2,21.1,89.5,21.1,52.4,44.7,11.4,66.2,68.3,67.0,55.1,66.0
Kaimur (Bhabua) ,Bihar,66.0,29.5,2.6,11.2,83.3,25.6,59.1,29.0,18.1,70.3,71.4,70.6,53.3,70.8
Rohtas ,Bihar,76.5,42.6,4.6,17.4,89.1,22.9,69.0,47.4,17.2,64.9,70.3,65.6,51.0,66.3
Aurangabad ,Bihar,67.6,36.9,7.3,20.3,77.5,25.8,47.1,38.9,15.4,60.5,68.4,60.9,53.1,56.9
Gaya ,Bihar,59.4,30.7,7.2,18.9,76.6,26.8,44.4,34.7,9.7,64.3,76.7,64.3,64.4,65.5
Nawada ,Bihar,62.1,37.3,9.4,17.5,79.9,28.4,47.9,40.7,8.1,70.4,73.3,70.1,74.3,73.7
Jamui ,Bihar,48.7,20.6,15.4,27.8,73.4,31.0,37.6,40.2,14.3,75.2,81.9,76.2,60.6,75.9
Jehanabad ,Bihar,63.2,30.5,12.0,24.2,89.1,27.2,45.5,34.3,13.2,68.1,61.9,67.8,72.1,72.3
Arwal ,Bihar,62.5,32.9,8.8,17.2,79.2,31.9,43.4,29.3,15.6,66.9,65.8,66.6,70.4,66.3
Chandigarh,Chandigarh,83.0,59.6,0.8,73.9,96.9,13.0,85.0,95.8,32.2,60.3,54.6,60.1,53.3,57.7
Koriya ,Chhattisgarh,77.1,37.0,5.0,59.6,80.8,25.1,73.3,30.2,62.8,64.4,56.3,65.0,53.3,48.3
Jashpur ,Chhattisgarh,75.1,34.9,5.5,50.5,85.6,27.5,72.8,14.8,80.6,61.5,54.1,61.8,53.3,60.3
Raigarh ,Chhattisgarh,76.0,38.3,1.3,58.0,87.7,26.9,66.3,29.8,66.3,62.2,62.7,62.5,53.3,59.5
Korba ,Chhattisgarh,77.6,37.1,1.2,26.5,75.4,24.4,73.3,35.5,60.6,66.4,63.6,66.9,53.3,70.5
Janjgir - Champa ,Chhattisgarh,77.0,37.3,3.5,34.2,86.2,21.5,78.8,24.8,74.0,66.3,74.1,66.6,60.0,67.9
Kabeerdham ,Chhattisgarh,67.8,32.6,1.5,59.8,91.7,20.6,80.3,25.0,72.1,43.6,67.5,43.9,53.3,45.4
Rajnandgaon ,Chhattisgarh,82.4,38.9,1.4,52.7,95.5,25.9,79.2,27.4,80.8,58.3,80.5,58.6,53.3,55.5
Mahasamund ,Chhattisgarh,72.6,31.2,1.2,35.1,92.9,21.3,84.2,30.4,76.2,63.0,75.8,63.4,53.3,63.0
Dhamtari ,Chhattisgarh,83.7,40.9,1.0,56.8,94.3,18.4,89.8,30.9,86.8,59.6,67.3,60.0,53.3,59.8
Uttar Bastar Kanker ,Chhattisgarh,78.5,40.3,0.8,56.2,94.1,25.5,80.5,25.9,84.8,65.2,62.3,66.3,53.3,69.2
Narayanpur ,Chhattisgarh,53.8,26.5,2.5,40.5,74.2,28.1,52.8,19.5,83.1,72.0,86.8,72.8,57.2,72.0
Bijapur ,Chhattisgarh,46.3,24.2,5.2,32.5,63.6,43.6,30.6,18.5,73.5,72.1,77.2,72.9,60.3,68.7
Balod ,Chhattisgarh,84.7,46.3,0.0,46.9,97.4,18.8,83.8,33.3,79.5,56.4,68.3,56.6,53.3,59.7
Baloda Bazar ,Chhattisgarh,75.0,38.7,2.7,21.6,78.1,19.4,78.9,24.9,66.1,61.2,67.8,61.5,53.3,60.2
Balrampur ,Chhattisgarh,66.8,32.2,9.1,55.0,78.9,28.7,57.3,13.2,62.3,63.4,50.1,63.2,53.3,55.6
Bastar ,Chhattisgarh,54.6,25.3,6.0,31.1,63.5,34.9,61.0,31.6,69.3,77.2,80.7,77.1,53.3,80.3
Bemetara ,Chhattisgarh,74.1,33.0,4.9,54.6,95.0,21.0,80.5,18.9,63.4,47.0,61.8,46.9,53.3,50.3
Bilaspur ,Chhattisgarh,74.3,37.4,5.2,30.0,79.4,27.2,80.5,42.2,60.4,58.5,78.1,59.3,53.3,63.9
Dantewada ,Chhattisgarh,50.3,24.2,6.7,27.5,90.5,25.9,60.5,34.6,82.2,76.0,89.9,76.7,63.0,75.7
Durg ,Chhattisgarh,84.6,52.7,0.6,46.5,96.7,12.5,89.5,76.3,67.0,51.7,57.1,52.0,53.3,61.8
Gariyaband ,Chhattisgarh,72.1,27.8,3.6,39.9,87.6,20.0,81.0,17.1,79.8,64.6,73.9,65.0,53.3,63.2
Kodagaon ,Chhattisgarh,56.1,24.7,3.0,39.5,78.7,31.3,79.5,12.4,80.6,79.7,76.6,79.5,53.3,79.7
Mungeli ,Chhattisgarh,68.6,32.2,3.1,60.3,69.8,20.9,80.7,22.9,68.0,54.5,62.0,54.6,53.3,53.7
Raipur ,Chhattisgarh,81.3,40.1,3.3,46.1,90.7,14.4,84.0,60.5,76.9,59.1,74.6,59.8,53.3,63.1
Sukma ,Chhattisgarh,40.5,15.9,2.7,27.6,81.2,34.5,35.5,14.4,78.1,78.4,91.4,79.0,65.8,77.9
Surajpur ,Chhattisgarh,68.3,30.7,4.5,56.3,85.9,29.5,75.4,24.0,75.7,60.7,51.1,61.0,53.3,53.1
Surguja ,Chhattisgarh,73.7,37.7,6.4,54.5,85.3,26.8,75.8,24.5,65.1,58.3,51.4,58.8,53.3,54.3
Diu ,Dadra and Nagar Haveli & Daman and Diu,90.8,52.7,0.0,79.9,95.7,16.4,89.7,85.3,64.0,50.3,62.8,50.4,53.3,62.0
Daman ,Dadra and Nagar Haveli & Daman and Diu,85.9,42.9,1.4,38.4,97.4,22.3,67.1,92.1,32.9,60.8,82.5,60.8,53.3,63.0
Dadra & Nagar Haveli ,Dadra and Nagar Haveli & Daman and Diu,72.8,31.5,5.5,65.1,96.3,27.0,63.1,74.3,58.8,64.4,74.8,64.5,53.3,64.3
North Goa ,Goa,92.4,72.0,2.7,84.8,99.6,14.1,87.7,96.7,64.8,40.0,55.2,40.2,53.3,46.2
South Goa ,Goa,93.8,70.9,2.8,92.2,100.0,13.5,88.2,96.2,67.7,37.6,50.0,37.3,53.3,42.5
Kachchh ,Gujarat,75.6,24.1,5.7,74.3,97.4,28.1,85.8,67.2,34.3,57.5,68.6,58.0,53.3,62.6
Banas Kantha ,Gujarat,63.7,17.6,5.1,56.8,92.9,36.7,53.9,45.6,41.0,60.0,79.0,59.6,53.3,65.8
Patan ,Gujarat,71.1,22.6,2.3,68.1,98.6,29.3,73.1,62.6,50.2,59.8,76.2,59.8,53.3,60.2
Mahesana ,Gujarat,75.1,32.6,4.5,58.3,97.3,24.4,72.1,63.1,40.7,69.3,86.0,69.5,53.3,77.7
Gandhinagar ,Gujarat,81.8,37.9,5.0,38.1,97.8,21.2,84.6,76.9,29.7,68.8,81.2,69.2,53.3,72.8
Porbandar ,Gujarat,84.3,35.9,1.9,56.5,100.0,15.8,85.7,76.9,42.1,47.6,77.9,47.4,53.3,52.4
Amreli ,Gujarat,77.2,27.2,1.6,73.8,90.1,18.3,73.3,65.6,47.7,50.0,72.0,50.3,53.3,47.0
Anand ,Gujarat,75.9,32.2,7.0,55.5,96.0,32.0,82.1,65.1,36.2,66.4,78.4,66.6,53.3,64.2
Dohad ,Gujarat,56.1,23.1,7.4,65.0,92.5,39.1,35.9,26.8,40.3,75.1,87.2,75.4,69.4,79.7
Narmada ,Gujarat,67.3,22.6,12.0,65.1,81.7,30.7,54.6,31.3,51.1,75.9,93.2,75.9,53.3,83.0
Bharuch ,Gujarat,74.0,31.5,5.0,38.4,91.1,30.3,77.7,60.2,37.4,71.8,81.0,71.6,53.3,69.8
The Dangs ,Gujarat,68.9,20.7,13.0,78.9,74.5,33.7,71.7,23.4,44.3,77.2,82.4,77.6,53.3,77.1
Navsari ,Gujarat,84.1,47.7,3.3,79.1,99.3,21.8,80.1,70.2,42.0,68.7,75.3,68.9,53.3,72.6
Valsad ,Gujarat,82.9,45.6,6.5,76.5,96.5,23.8,85.3,73.1,40.6,75.7,87.6,75.8,53.3,85.8
Surat ,Gujarat,84.2,44.0,4.4,73.1,97.7,21.0,82.0,88.6,31.6,69.0,83.6,69.3,53.3,76.2
Tapi ,Gujarat,72.0,32.5,9.9,73.6,92.9,35.4,70.2,45.5,42.3,77.4,80.7,77.6,53.3,72.8
Ahmadabad ,Gujarat,81.5,42.7,4.4,69.0,94.5,19.4,86.4,89.7,36.2,63.7,72.0,63.5,53.3,67.3
Aravali ,Gujarat,71.9,34.7,6.7,56.0,92.2,34.4,56.3,47.9,43.9,77.3,89.5,77.1,53.3,87.7
Bhavnagar ,Gujarat,74.2,26.3,1.5,45.2,94.2,20.8,72.9,59.8,32.2,49.4,71.5,49.1,53.3,52.0
Botad ,Gujarat,71.8,22.0,2.2,54.6,93.5,19.6,72.0,63.0,38.0,58.8,75.5,59.1,53.3,60.3
Chhota Udaipur ,Gujarat,53.2,20.3,4.3,59.4,85.7,30.9,53.0,25.7,40.0,78.9,87.7,79.1,53.3,80.3
Devbhumi Dwarka ,Gujarat,66.1,15.8,3.8,29.1,94.8,22.4,73.4,61.2,33.5,48.8,66.7,48.8,53.3,50.9
Gir Somnath ,Gujarat,73.1,30.8,0.9,53.5,87.1,24.8,74.3,46.8,46.6,49.9,68.9,49.6,53.3,50.9
Jamnagar ,Gujarat,83.1,35.3,1.0,52.5,96.5,17.3,86.6,81.6,38.6,50.2,75.0,50.6,53.3,60.1
Junagadh ,Gujarat,82.8,35.0,5.0,39.6,97.4,18.7,81.7,67.2,47.3,58.8,74.7,58.8,53.3,55.5
Kheda ,Gujarat,70.9,24.2,10.4,42.4,95.2,32.2,63.3,48.0,32.2,76.1,85.1,76.2,53.3,77.6
Mahisagar ,Gujarat,70.9,33.9,6.1,63.3,93.0,30.7,44.4,47.4,46.0,72.5,85.9,73.2,53.3,79.4
Morbi ,Gujarat,82.4,35.4,3.4,55.8,94.8,21.2,80.1,73.6,34.4,50.7,75.3,50.7,53.3,62.0
Panch Mahals ,Gujarat,71.7,28.4,10.5,64.2,88.4,33.1,58.9,43.6,34.0,69.8,91.0,69.5,74.0,71.7
Rajkot ,Gujarat,84.7,42.6,1.8,60.6,99.3,19.5,85.4,83.6,45.1,60.5,77.0,60.6,53.3,72.7
Sabar Kantha ,Gujarat,74.5,31.1,6.1,52.2,89.4,26.6,61.0,58.7,49.3,67.3,81.1,67.9,53.3,73.8
Surendranagar ,Gujarat,75.1,23.3,6.3,39.6,85.6,24.1,63.8,56.9,50.4,55.6,81.0,55.4,53.3,56.9
Vadodara ,Gujarat,84.6,46.4,10.3,53.1,95.9,20.9,85.6,78.1,41.7,72.3,86.4,72.6,53.3,74.3
Panchkula ,Haryana,87.9,60.3,1.4,69.5,97.0,14.1,82.6,81.1,19.9,57.1,53.1,57.4,53.3,64.8
Ambala ,Haryana,88.9,55.3,0.8,51.6,97.8,14.8,87.2,81.6,19.0,46.1,64.2,46.5,53.3,49.2
Yamunanagar ,Haryana,87.1,51.2,2.3,58.9,94.8,14.0,83.5,77.7,20.6,56.6,72.9,56.3,53.3,60.4
Kurukshetra ,Haryana,83.9,48.4,3.9,70.6,98.4,11.8,82.6,77.6,19.2,57.1,73.7,57.5,53.3,57.7
Kaithal ,Haryana,74.0,45.9,4.7,66.0,98.2,16.5,89.7,55.9,29.1,61.5,61.4,62.5,53.3,64.3
Karnal ,Haryana,84.5,46.8,3.1,78.0,99.0,14.9,83.5,74.1,24.6,61.9,78.3,62.1,53.3,61.5
Panipat ,Haryana,85.9,52.1,5.7,41.1,97.1,13.7,79.3,73.0,26.5,66.9,73.4,66.8,53.3,66.3
Sonipat ,Haryana,89.1,56.8,2.9,48.9,99.7,13.2,86.7,69.9,22.4,53.3,68.7,53.0,53.3,52.8
Jind ,Haryana,83.6,45.3,1.9,46.9,98.7,18.9,88.5,42.1,23.7,59.6,68.9,59.5,53.3,50.7
Fatehabad ,Haryana,73.2,41.5,2.1,60.3,97.9,19.8,87.3,43.7,29.4,62.3,59.3,62.5,53.3,66.5
Sirsa ,Haryana,73.1,44.7,5.6,44.2,99.3,20.8,81.9,38.8,26.6,61.9,70.1,62.1,53.3,64.9
Hisar ,Haryana,79.8,43.9,3.6,54.4,98.2,18.5,89.1,44.8,27.9,63.8,70.5,64.0,53.3,63.6
Rohtak ,Haryana,88.5,55.9,1.7,56.4,97.4,15.9,90.0,67.3,24.8,65.3,76.2,64.8,53.3,63.1
Jhajjar ,Haryana,89.1,62.7,1.3,58.7,97.2,10.1,91.7,55.9,27.0,60.1,76.9,59.9,53.3,65.2
Mahendragarh ,Haryana,82.7,52.4,9.6,48.5,98.9,14.3,79.8,34.2,25.6,61.2,72.3,61.2,53.3,67.3
Rewari ,Haryana,87.4,58.7,4.7,45.8,98.7,11.7,86.4,54.9,25.3,61.8,71.3,61.9,53.3,71.8
Gurgaon ,Haryana,87.1,59.6,6.9,47.8,96.7,9.0,84.5,81.0,34.6,67.5,67.7,68.0,53.3,77.6
Mewat ,Haryana,45.1,13.9,7.6,18.3,74.6,19.2,71.7,22.0,11.5,60.6,76.4,61.1,55.2,66.4
Faridabad ,Haryana,84.4,55.6,2.8,44.6,92.5,10.0,84.2,89.3,32.8,54.2,68.4,54.8,53.3,55.9
Palwal ,Haryana,71.1,39.4,4.7,32.1,78.3,15.8,80.3,34.6,23.5,57.2,71.6,57.2,53.3,59.7
Bhiwani ,Haryana,80.0,47.0,3.4,53.3,97.7,19.5,89.7,36.6,28.2,66.4,69.2,66.8,53.3,67.1
Charkhi Dadri ,Haryana,84.4,54.5,3.1,48.9,98.9,17.0,90.4,36.2,29.7,72.6,67.2,73.1,53.3,71.1
Chamba ,Himachal Pradesh,84.1,50.9,2.0,65.4,72.0,14.6,86.5,35.0,26.8,43.7,46.5,43.9,53.3,47.4
Kangra ,Himachal Pradesh,94.4,69.9,0.8,63.4,90.2,15.2,73.3,49.1,36.4,63.4,55.3,63.7,53.3,57.7
Lahul & Spiti ,Himachal Pradesh,86.2,55.9,3.1,72.7,86.4,9.9,61.7,71.7,31.2,82.1,91.0,82.3,53.3,85.8
Kullu ,Himachal Pradesh,87.4,54.4,4.7,61.9,87.0,11.0,81.2,65.0,26.8,52.8,75.3,53.7,53.3,55.5
Mandi ,Himachal Pradesh,94.0,71.8,6.3,68.4,86.6,12.8,87.0,38.6,41.3,48.9,52.2,49.0,53.3,49.9
Hamirpur ,Himachal Pradesh,94.8,76.1,2.8,69.9,97.6,17.2,85.5,44.7,32.0,49.5,52.0,49.4,53.3,48.2
Una ,Himachal Pradesh,92.5,66.8,2.1,46.5,89.7,16.3,81.4,46.2,22.6,60.8,58.7,60.8,53.3,63.0
Bilaspur ,Himachal Pradesh,91.2,64.2,3.2,72.4,91.7,17.5,80.8,35.8,35.4,53.0,44.8,53.4,53.3,55.5
Solan ,Himachal Pradesh,91.0,62.3,5.8,74.6,90.2,11.9,81.8,62.5,41.9,47.5,50.4,48.4,53.3,44.3
Sirmaur ,Himachal Pradesh,84.9,55.6,1.8,76.0,87.4,16.1,84.3,46.8,26.2,50.1,58.5,50.2,53.3,54.1
Shimla ,Himachal Pradesh,93.4,69.7,6.1,77.2,92.2,9.9,87.3,78.0,37.1,46.5,59.1,46.7,53.3,51.9
Kinnaur ,Himachal Pradesh,89.1,56.1,9.3,68.7,82.7,9.9,80.1,70.4,35.9,51.7,75.6,52.2,53.3,52.4
Kupwara ,Jammu & Kashmir,76.0,44.9,0.0,29.2,97.1,5.1,67.7,62.0,10.4,73.5,78.8,75.6,45.7,81.0
Badgam ,Jammu & Kashmir,74.1,48.2,1.0,25.4,96.5,4.7,77.0,71.1,5.2,73.9,85.0,75.0,57.0,83.7
Punch ,Jammu & Kashmir,79.3,46.8,0.5,20.6,86.0,6.8,66.7,44.6,11.1,54.1,54.3,56.3,24.9,74.5
Rajouri ,Jammu & Kashmir,79.4,46.4,4.1,17.4,88.8,4.8,63.3,42.8,16.4,60.6,76.4,62.0,41.8,72.0
Kathua ,Jammu & Kashmir,87.7,64.9,0.0,32.6,97.1,5.3,75.4,68.5,7.0,53.6,67.0,55.2,28.4,71.8
Baramula ,Jammu & Kashmir,67.9,35.9,0.0,22.4,96.2,10.6,77.7,76.5,6.5,72.5,70.4,73.1,53.3,75.3
Bandipore ,Jammu & Kashmir,66.6,35.9,0.0,21.9,92.8,10.4,66.8,77.9,9.1,73.7,75.1,74.3,53.3,73.2
Srinagar ,Jammu & Kashmir,78.4,60.5,1.6,34.1,99.2,3.5,86.8,98.4,17.9,51.7,77.0,52.5,38.8,69.9
Ganderbal ,Jammu & Kashmir,64.0,34.3,0.4,16.3,98.0,7.7,78.4,84.4,8.3,77.2,89.8,77.9,53.3,83.7
Pulwama ,Jammu & Kashmir,76.6,49.4,0.0,33.1,97.8,2.9,91.6,76.6,9.9,73.2,67.4,74.7,53.3,82.0
Shupiyan ,Jammu & Kashmir,80.8,55.2,0.0,34.4,98.3,2.0,86.5,66.1,8.4,63.9,57.1,65.5,33.5,77.5
Anantnag ,Jammu & Kashmir,74.7,52.8,0.7,32.5,90.5,4.1,84.7,76.5,7.3,74.3,79.2,75.7,54.1,88.0
Kulgam ,Jammu & Kashmir,70.9,42.4,1.1,15.8,98.9,2.1,80.5,40.3,4.2,77.0,77.7,77.5,53.3,80.7
Doda ,Jammu & Kashmir,69.2,46.8,2.7,23.1,73.5,5.0,70.9,42.4,7.6,66.5,80.7,67.9,47.7,74.1
Ramban ,Jammu & Kashmir,62.2,35.5,2.0,12.9,80.4,7.6,48.9,35.8,9.2,59.7,62.0,61.7,36.0,76.4
Kishtwar ,Jammu & Kashmir,71.3,48.0,1.8,34.8,91.6,5.1,59.6,50.6,16.4,84.8,88.5,86.2,65.3,92.2
Udhampur ,Jammu & Kashmir,77.3,43.7,1.0,19.4,87.2,4.0,69.8,55.1,16.8,56.5,70.4,57.3,44.5,68.6
Reasi ,Jammu & Kashmir,68.2,41.9,2.2,32.6,69.3,4.3,62.7,35.2,11.2,62.9,69.7,65.1,40.3,74.6
Jammu ,Jammu & Kashmir,91.5,70.8,0.0,51.4,96.5,4.2,81.2,87.9,23.3,66.6,68.4,68.2,41.7,72.4
Samba ,Jammu & Kashmir,84.8,60.6,1.3,46.5,97.9,3.6,78.8,73.0,19.0,62.4,69.0,63.6,41.1,73.2
Garhwa ,Jharkhand,62.7,31.0,8.7,16.8,84.0,28.8,54.1,24.7,55.3,62.7,62.5,62.9,53.3,61.0
Chatra ,Jharkhand,61.8,27.7,11.6,28.2,71.5,32.2,48.1,20.4,46.5,56.0,62.6,55.9,56.5,55.7
Kodarma ,Jharkhand,66.9,31.8,10.6,13.1,91.3,29.9,54.0,35.8,56.8,64.9,60.0,65.1,53.3,61.2
Giridih ,Jharkhand,57.3,25.0,12.3,19.8,70.7,27.3,59.2,32.4,52.4,64.7,62.8,65.2,56.7,63.8
Deoghar ,Jharkhand,54.2,19.7,20.2,18.5,61.3,32.5,41.6,23.5,53.8,70.2,73.9,70.1,72.4,67.2
Godda ,Jharkhand,50.4,19.6,16.1,16.7,70.2,23.6,54.9,19.7,45.9,66.3,75.1,66.3,53.3,62.0
Sahibganj ,Jharkhand,54.9,18.6,18.9,15.0,64.7,28.5,43.2,17.4,34.8,71.5,72.6,72.1,63.6,67.6
Pakur ,Jharkhand,46.7,13.6,14.4,16.5,64.6,34.4,38.3,16.9,52.5,79.7,72.1,80.4,67.5,78.0
Dhanbad ,Jharkhand,72.0,37.9,10.9,18.6,78.8,26.0,67.6,37.2,45.7,63.8,66.5,64.6,53.3,69.9
Bokaro ,Jharkhand,72.6,45.0,5.9,29.6,80.9,26.6,64.4,47.0,44.7,68.8,66.5,69.0,53.3,68.2
Lohardaga ,Jharkhand,67.5,35.0,5.5,40.6,84.1,24.1,67.7,34.0,58.9,61.7,68.7,62.1,53.3,59.4
Purbi Singhbhum ,Jharkhand,77.4,46.8,3.7,54.6,94.0,15.5,70.2,57.6,50.7,64.4,67.4,65.1,53.3,69.4
Palamu ,Jharkhand,65.4,36.5,6.1,24.0,74.9,26.7,46.3,25.4,55.8,61.0,68.2,61.1,53.3,63.3
Latehar ,Jharkhand,58.7,26.5,8.8,41.6,70.3,31.1,51.4,14.2,52.2,63.6,68.3,63.8,53.3,62.2
Hazaribagh ,Jharkhand,69.7,40.1,10.9,23.8,82.0,25.3,55.6,36.8,55.0,56.1,62.1,56.2,54.4,54.1
Ramgarh ,Jharkhand,72.7,44.3,5.1,31.5,79.0,27.3,64.2,33.2,49.7,62.3,59.7,62.3,53.3,66.7
Dumka ,Jharkhand,55.6,19.1,14.9,21.8,60.3,29.6,41.5,18.1,45.4,73.4,75.1,74.2,60.5,74.1
Jamtara ,Jharkhand,57.4,21.4,14.9,31.2,75.4,30.6,52.8,20.3,62.9,77.7,72.8,78.4,53.3,77.4
Ranchi ,Jharkhand,78.4,49.5,5.5,43.0,87.3,21.2,77.2,57.7,43.9,58.9,62.8,59.3,53.3,61.7
Khunti ,Jharkhand,59.9,29.3,4.3,47.6,73.8,20.6,55.2,18.7,58.2,70.0,66.9,70.9,53.3,71.5
Gumla ,Jharkhand,69.3,33.3,7.2,47.8,83.8,25.2,50.1,19.1,51.7,59.5,65.8,59.9,53.3,61.3
Simdega ,Jharkhand,68.8,29.7,5.0,46.4,75.7,25.8,71.3,15.9,60.6,70.6,75.4,71.0,53.3,69.5
Pashchimi Singhbhum ,Jharkhand,49.8,22.9,6.7,37.4,67.9,33.1,37.7,15.5,46.7,72.6,73.3,72.5,53.3,74.2
Saraikela-Kharsawan ,Jharkhand,68.3,36.0,10.3,42.6,81.8,20.3,60.9,31.5,63.1,70.2,76.1,71.2,53.3,74.9
Belgaum ,Karnataka,74.0,47.8,9.1,36.9,97.5,22.2,67.7,74.8,20.7,52.9,72.7,53.4,53.3,48.5
Bagalkot ,Karnataka,69.7,37.7,6.9,32.3,95.2,17.1,51.3,56.6,22.3,48.0,63.8,47.9,53.3,50.7
Bijapur ,Karnataka,66.6,37.1,11.8,36.6,91.8,18.1,44.8,60.6,21.2,52.9,65.2,52.2,53.3,52.6
Bidar ,Karnataka,73.8,45.0,4.0,39.7,99.0,24.9,56.5,65.2,21.4,55.9,69.3,55.7,60.4,51.7
Raichur ,Karnataka,54.3,31.7,8.9,32.8,88.9,23.3,53.0,64.9,17.8,60.4,73.6,59.9,69.1,64.8
Koppal ,Karnataka,59.8,34.4,8.5,15.8,90.7,24.9,58.8,47.4,20.6,54.8,70.7,54.8,53.3,55.3
Gadag ,Karnataka,70.7,45.1,2.0,33.5,96.2,18.9,55.2,56.3,28.3,50.5,70.3,50.5,53.3,54.1
Dharwad ,Karnataka,81.8,51.4,3.3,45.1,99.7,17.3,79.3,79.1,24.5,52.1,67.2,51.4,53.3,50.5
Uttara Kannada ,Karnataka,84.3,49.2,1.3,35.6,99.3,18.4,89.6,73.4,32.0,44.6,69.0,45.0,53.3,44.6
Haveri ,Karnataka,71.5,40.0,4.2,30.5,97.2,19.9,68.9,60.7,28.8,50.8,66.9,50.4,53.3,51.5
Bellary ,Karnataka,64.4,39.9,3.2,28.7,95.7,22.2,64.1,76.2,25.7,58.1,67.5,58.7,53.3,58.5
Chitradurga ,Karnataka,75.6,48.3,7.8,50.5,98.3,14.5,63.1,80.6,35.3,44.6,61.1,44.2,53.3,50.2
Davanagere ,Karnataka,76.0,47.1,4.9,25.0,98.3,15.9,83.3,79.1,25.2,51.7,70.2,51.9,53.3,51.5
Shimoga ,Karnataka,79.8,49.1,2.4,56.6,99.7,15.0,85.4,85.7,26.5,41.9,68.9,42.1,53.3,44.7
Udupi ,Karnataka,90.3,55.4,0.7,51.3,98.9,23.8,94.5,67.8,50.9,47.3,58.3,47.2,53.3,49.9
Chikmagalur ,Karnataka,82.9,48.3,5.5,49.6,98.4,14.2,92.3,79.0,30.0,40.8,53.2,41.0,53.3,45.6
Tumkur ,Karnataka,81.9,58.9,4.7,61.8,100.0,15.2,86.1,85.3,31.0,49.3,67.6,48.9,53.3,47.9
Bangalore ,Karnataka,87.3,70.1,2.0,58.8,99.3,10.0,90.4,97.2,28.8,35.5,58.9,36.0,53.3,45.1
Mandya ,Karnataka,78.3,52.5,5.9,54.8,99.5,13.7,86.7,90.5,39.9,47.0,58.2,47.1,53.3,42.9
Hassan ,Karnataka,82.0,51.3,6.4,50.1,100.0,11.1,87.9,86.1,36.9,42.2,63.6,42.0,53.3,34.2
Dakshina Kannada ,Karnataka,92.7,62.8,1.0,68.9,100.0,12.6,97.1,82.0,36.3,38.8,51.1,38.9,53.3,35.0
Kodagu ,Karnataka,88.5,58.9,3.2,46.8,98.4,12.0,93.9,78.3,45.6,39.9,54.4,39.6,53.3,35.8
Mysore ,Karnataka,78.9,49.6,7.0,65.2,100.0,14.7,86.4,94.7,26.2,48.0,57.2,48.7,53.3,41.7
Chamarajanagar ,Karnataka,72.4,41.7,6.1,41.2,100.0,17.9,75.2,89.0,34.4,46.3,68.7,46.4,53.3,52.9
Gulbarga ,Karnataka,68.2,42.0,4.9,26.6,88.7,20.8,36.5,58.5,17.4,56.0,75.1,56.0,53.3,61.4
Yadgir ,Karnataka,48.1,26.4,6.9,29.6,93.3,26.0,37.4,48.8,16.7,57.3,76.0,57.1,61.1,61.8
Kolar ,Karnataka,78.3,55.0,9.0,60.2,99.6,17.8,89.2,89.9,33.9,43.6,57.9,43.8,53.3,46.9
Chikkaballapura ,Karnataka,76.3,48.0,5.3,48.8,99.0,22.6,84.9,89.4,26.1,45.5,59.0,45.8,53.3,46.9
Bangalore Rural ,Karnataka,83.8,56.3,6.4,67.0,100.0,14.1,88.8,93.6,34.9,44.2,60.8,44.6,53.3,43.9
Ramanagara ,Karnataka,82.7,54.5,5.7,47.9,100.0,13.2,89.6,92.0,35.7,45.5,60.2,45.3,53.3,47.2
Kasaragod ,Kerala,95.9,68.3,3.7,89.4,100.0,9.4,98.9,73.5,44.0,35.4,34.3,35.6,53.3,39.6
Kannur ,Kerala,99.1,74.1,2.4,78.0,100.0,8.7,99.5,70.4,47.9,39.7,37.2,39.7,53.3,30.4
Wayanad ,Kerala,93.7,68.0,2.6,94.9,100.0,14.0,97.6,55.7,64.8,26.9,39.4,27.0,53.3,27.7
Kozhikode ,Kerala,99.1,84.3,3.8,85.7,100.0,8.4,99.6,73.8,61.1,29.8,32.1,30.2,53.3,32.6
Malappuram ,Kerala,99.2,69.5,2.6,92.3,100.0,10.3,99.9,59.0,42.8,34.7,47.2,34.5,53.3,38.1
Palakkad ,Kerala,94.4,63.2,4.4,71.7,100.0,12.9,99.0,67.5,53.8,49.6,51.9,50.0,53.3,43.3
Thrissur ,Kerala,99.4,79.2,1.0,78.6,100.0,10.9,99.5,76.3,48.7,44.4,48.7,44.9,53.3,36.5
Ernakulam ,Kerala,99.3,83.8,0.0,82.8,99.1,8.0,99.3,88.4,46.2,31.7,36.4,32.1,53.3,30.1
Idukki ,Kerala,94.4,73.2,2.7,75.6,100.0,9.0,97.5,54.3,58.1,32.0,32.0,32.4,53.3,33.8
Kottayam ,Kerala,99.7,85.8,2.8,51.1,98.7,12.3,98.6,72.5,53.2,38.7,36.8,38.6,53.3,38.1
Alappuzha ,Kerala,99.7,78.8,2.9,61.0,99.4,14.3,99.2,79.2,60.4,31.9,30.3,32.0,53.3,22.9
Pathanamthitta ,Kerala,99.7,84.5,0.0,74.7,99.1,12.3,98.9,60.1,50.1,36.4,44.2,36.9,53.3,20.9
Kollam ,Kerala,98.2,80.6,0.0,89.0,100.0,9.5,97.5,80.1,56.0,36.0,32.5,36.7,53.3,24.5
Thiruvananthapuram ,Kerala,98.5,83.1,4.6,71.6,99.5,6.6,95.4,72.2,48.7,33.0,33.0,32.5,53.3,20.9
Leh(Ladakh) ,Ladakh,76.4,49.8,0.0,9.5,96.4,5.3,42.4,93.5,16.2,93.5,95.5,94.6,79.0,96.8
Kargil ,Ladakh,77.2,50.3,0.0,19.6,93.7,3.5,42.3,58.1,13.6,92.0,87.9,92.8,76.7,97.1
Lakshadweep , Lakshadweep ,96.5,67.8,1.1,80.1,99.6,8.0,99.8,59.4,60.1,25.8,43.1,26.0,53.3,31.4
Sheopur ,Madhya Pradesh,54.8,15.9,5.2,36.4,84.2,30.5,48.0,22.9,27.1,64.9,71.6,65.3,59.6,61.8
Morena ,Madhya Pradesh,70.7,25.6,6.7,43.1,94.8,22.3,62.7,32.6,36.3,67.5,74.7,68.4,52.6,66.0
Bhind ,Madhya Pradesh,73.8,28.9,5.5,48.1,93.5,24.3,79.9,31.0,31.0,69.9,75.6,70.3,53.3,69.9
Gwalior ,Madhya Pradesh,78.1,37.9,3.3,56.1,94.8,20.4,83.2,69.8,40.6,62.5,78.4,62.5,53.3,66.6
Datia ,Madhya Pradesh,71.2,27.8,6.0,43.3,89.4,23.0,66.8,31.2,30.9,58.6,72.8,58.6,53.3,59.5
Shivpuri ,Madhya Pradesh,62.5,21.2,6.7,48.0,94.5,26.7,55.5,32.7,38.9,51.1,70.5,50.7,53.3,54.6
Tikamgarh ,Madhya Pradesh,70.6,25.8,5.4,40.9,89.8,21.3,56.6,32.1,40.5,49.1,67.5,49.9,53.3,56.4
Chhatarpur ,Madhya Pradesh,63.7,24.7,6.6,27.1,85.2,25.2,55.5,30.1,17.1,63.5,87.2,63.4,53.3,67.1
Panna ,Madhya Pradesh,62.9,24.0,8.0,29.9,84.0,26.8,43.8,22.1,12.6,59.0,74.5,58.8,53.3,63.1
Sagar ,Madhya Pradesh,74.3,32.9,6.4,34.4,86.9,22.8,68.8,32.7,27.5,49.8,83.3,49.5,53.3,49.7
Damoh ,Madhya Pradesh,68.3,24.8,5.9,40.2,85.0,23.7,40.6,28.1,21.6,48.1,76.3,47.9,53.3,57.0
Satna ,Madhya Pradesh,73.0,31.5,0.7,41.3,85.5,21.3,55.4,35.2,22.0,57.3,81.8,57.5,53.3,65.1
Rewa ,Madhya Pradesh,67.7,23.1,4.8,29.9,80.4,16.5,46.1,21.4,29.4,61.7,78.0,61.7,53.3,65.3
Umaria ,Madhya Pradesh,67.7,26.4,4.7,43.0,92.2,21.1,53.7,26.9,19.9,51.5,71.5,51.6,53.3,55.3
Neemuch ,Madhya Pradesh,68.5,27.9,4.1,48.4,97.5,18.8,68.9,52.4,43.3,50.3,77.2,50.6,53.3,57.7
Mandsaur ,Madhya Pradesh,67.2,24.1,6.1,49.3,99.4,29.4,65.4,45.6,48.4,56.7,65.4,57.0,53.3,56.4
Ratlam ,Madhya Pradesh,63.4,23.8,7.6,66.0,95.2,23.4,69.4,53.1,37.9,59.5,74.0,59.4,53.3,60.5
Ujjain ,Madhya Pradesh,66.3,29.0,5.1,64.8,97.1,21.1,72.8,60.7,35.7,54.5,81.6,54.8,53.3,62.9
Dewas ,Madhya Pradesh,67.3,27.7,2.2,58.0,92.2,22.5,69.6,51.0,35.1,51.3,79.4,51.8,53.3,59.0
Dhar ,Madhya Pradesh,58.6,23.8,7.7,59.3,95.5,17.1,61.9,44.8,30.3,50.2,65.0,49.5,53.3,63.9
Indore ,Madhya Pradesh,81.7,47.7,4.2,72.3,96.5,15.6,90.0,86.9,40.3,48.1,78.8,47.9,53.3,55.9
Khargone (West Nimar) ,Madhya Pradesh,61.7,27.2,6.8,45.3,92.8,16.7,73.8,61.6,43.7,50.1,71.5,50.5,53.3,56.1
Barwani ,Madhya Pradesh,52.5,19.3,9.0,54.2,85.1,27.1,61.0,40.5,29.2,58.4,78.2,58.5,53.3,67.0
Rajgarh ,Madhya Pradesh,56.5,21.3,5.4,43.5,91.7,28.0,47.8,24.8,27.1,52.3,77.5,52.6,53.3,51.9
Vidisha ,Madhya Pradesh,68.9,21.7,7.8,41.3,90.6,23.1,65.2,31.8,48.2,38.5,52.3,37.9,53.3,27.1
Bhopal ,Madhya Pradesh,81.3,47.4,3.7,61.3,98.3,18.2,79.6,83.6,50.7,53.5,68.5,53.9,53.3,59.8
Sehore ,Madhya Pradesh,69.7,28.2,4.2,47.3,94.7,27.1,75.2,33.7,33.2,45.3,82.4,44.8,53.3,50.5
Raisen ,Madhya Pradesh,78.6,34.6,1.7,54.5,96.0,20.5,69.6,38.9,41.0,56.9,61.1,56.9,53.3,69.4
Betul ,Madhya Pradesh,76.1,38.7,2.4,78.3,87.6,24.7,59.8,36.0,51.3,56.2,57.8,55.8,53.3,56.6
Harda ,Madhya Pradesh,73.9,30.8,3.9,67.7,88.4,15.9,68.8,57.6,33.3,62.6,85.6,63.3,53.3,69.4
Hoshangabad ,Madhya Pradesh,73.6,35.5,5.2,44.9,91.8,21.9,68.5,47.3,28.6,51.9,78.8,52.4,53.3,52.1
Katni ,Madhya Pradesh,72.0,32.5,1.7,52.8,91.8,18.1,53.5,29.5,18.1,58.7,78.7,59.2,53.3,61.0
Jabalpur ,Madhya Pradesh,72.4,30.4,4.8,47.8,94.7,27.8,61.9,28.5,61.2,48.9,67.7,48.6,53.3,59.8
Narsimhapur ,Madhya Pradesh,73.6,31.4,6.5,53.1,91.4,25.1,77.0,36.7,49.4,46.9,73.4,46.6,53.3,48.5
Dindori ,Madhya Pradesh,66.8,25.8,8.7,52.6,77.6,29.3,47.9,12.1,47.2,65.2,78.1,65.0,53.3,64.2
Mandla ,Madhya Pradesh,69.1,30.5,2.6,60.5,87.6,26.8,58.4,22.3,42.6,60.6,70.2,60.5,53.3,64.2
Chhindwara ,Madhya Pradesh,75.0,40.2,3.3,53.7,92.2,28.5,77.1,43.6,48.5,41.7,50.5,41.8,53.3,45.3
Seoni ,Madhya Pradesh,73.7,33.0,4.7,70.8,94.8,26.6,56.2,29.0,44.6,59.9,71.8,60.0,53.3,58.9
Balaghat ,Madhya Pradesh,79.8,39.2,0.6,63.5,95.1,30.2,79.6,31.1,68.4,60.6,56.8,61.0,53.3,56.7
Guna ,Madhya Pradesh,56.8,17.7,5.5,60.8,98.0,18.4,55.6,34.5,43.1,49.8,75.1,49.6,53.3,49.2
Ashoknagar ,Madhya Pradesh,61.3,17.6,7.7,42.5,91.3,26.1,53.7,20.3,34.2,46.1,59.7,46.3,53.3,45.0
Shahdol ,Madhya Pradesh,72.1,30.7,5.8,55.0,85.6,28.3,61.4,26.5,58.4,56.4,57.3,56.4,53.3,53.3
Anuppur ,Madhya Pradesh,75.0,28.6,4.8,58.8,84.8,26.5,69.4,21.7,52.8,52.6,49.2,52.5,53.3,43.6
Sidhi ,Madhya Pradesh,71.7,27.1,3.6,34.9,83.8,22.9,44.7,20.9,26.1,55.7,72.5,55.7,55.8,59.6
Singrauli ,Madhya Pradesh,65.4,29.9,4.4,58.8,69.9,25.6,52.6,31.7,58.5,54.1,56.6,54.4,53.3,60.1
Jhabua ,Madhya Pradesh,38.6,16.0,6.7,50.3,92.9,29.2,57.6,17.5,43.7,58.8,80.1,58.7,60.3,63.7
Alirajpur ,Madhya Pradesh,42.1,17.3,5.9,54.5,83.2,19.6,84.7,17.4,42.5,60.5,76.4,60.4,53.3,76.5
Khandwa (East Nimar) ,Madhya Pradesh,67.7,27.9,2.8,56.9,93.2,21.7,76.7,48.3,38.1,64.8,86.8,66.9,53.3,68.9
Burhanpur ,Madhya Pradesh,67.6,26.3,1.8,72.6,90.7,20.9,74.0,68.2,42.2,57.3,77.9,58.0,53.3,66.5
Agar Malwa ,Madhya Pradesh,59.4,19.3,5.3,54.8,98.9,26.7,72.3,39.5,58.9,59.2,67.7,59.5,53.3,56.4
Shajapur ,Madhya Pradesh,62.0,19.6,5.9,48.7,98.1,23.1,74.5,37.7,34.3,45.8,76.1,45.9,53.3,51.4
Nandurbar ,Maharastra,57.7,29.9,10.6,38.3,76.3,36.1,54.1,40.3,15.3,64.2,79.3,64.1,53.3,69.2
Dhule ,Maharastra,68.8,40.8,15.0,30.7,77.2,26.5,58.9,65.1,19.8,61.2,72.2,60.8,53.3,59.8
Jalgaon ,Maharastra,76.5,40.8,10.7,28.9,86.5,22.2,59.7,79.5,11.9,65.2,85.2,65.3,53.3,69.4
Buldana ,Maharastra,79.9,41.8,5.7,61.2,93.9,21.6,68.9,69.2,37.9,57.8,79.4,58.5,53.3,66.8
Akola ,Maharastra,87.5,52.7,5.7,60.6,97.7,16.1,69.5,75.5,40.1,52.6,77.5,53.2,53.3,60.3
Washim ,Maharastra,78.0,42.0,14.3,44.5,92.9,20.1,61.5,61.4,24.1,56.4,70.4,57.0,53.3,53.9
Amravati ,Maharastra,87.8,55.0,3.6,38.1,91.3,20.5,75.7,71.7,31.9,53.4,74.4,53.6,53.3,64.8
Wardha ,Maharastra,93.0,56.5,2.2,50.6,98.8,17.1,80.2,83.9,27.1,60.0,71.4,60.7,53.3,63.5
Nagpur ,Maharastra,94.6,67.6,0.9,57.1,100.0,17.1,88.9,96.0,25.6,53.6,70.5,54.0,53.3,57.9
Bhandara ,Maharastra,89.1,53.9,3.0,64.4,100.0,25.8,81.8,71.4,30.0,65.3,72.8,65.4,53.3,66.1
Gondiya ,Maharastra,87.5,54.1,0.0,46.0,99.1,23.4,74.3,68.0,30.6,60.4,78.0,60.9,53.3,65.2
Gadchiroli ,Maharastra,79.4,42.3,5.1,70.8,97.3,24.3,62.4,60.5,33.3,66.2,76.6,67.1,53.3,67.3
Chandrapur ,Maharastra,87.8,57.5,3.1,69.2,99.6,26.5,77.3,85.1,28.9,55.5,76.6,55.9,53.3,61.7
Yavatmal ,Maharastra,80.8,38.9,4.4,41.7,96.3,23.2,66.4,71.8,29.0,58.4,75.2,58.5,53.3,64.1
Nanded ,Maharastra,71.9,31.6,8.7,21.7,94.8,22.9,68.0,64.5,15.7,57.3,76.1,57.5,53.3,63.1
Hingoli ,Maharastra,76.5,33.2,14.4,23.2,94.0,24.9,69.0,53.1,14.7,51.3,72.5,51.2,53.3,60.5
Parbhani ,Maharastra,73.4,28.8,13.7,17.9,85.6,20.4,60.1,54.8,10.5,58.8,75.4,59.4,53.3,60.2
Jalna ,Maharastra,71.8,34.3,10.1,27.2,92.8,23.3,63.6,56.4,9.7,58.2,68.3,58.7,53.3,54.6
Aurangabad ,Maharastra,83.1,48.4,12.4,14.5,94.8,20.3,69.1,78.4,12.4,52.4,64.5,52.6,53.3,47.4
Nashik ,Maharastra,80.0,42.6,14.0,43.4,90.5,25.6,68.3,72.5,14.7,56.2,67.3,55.4,53.3,56.2
Mumbai Suburban ,Maharastra,91.6,65.7,1.5,54.8,98.1,12.2,62.6,98.7,20.2,50.0,65.6,49.7,53.3,59.8
Mumbai ,Maharastra,94.3,71.1,1.0,72.4,99.5,12.0,58.6,98.3,30.7,45.9,72.8,46.9,53.3,54.7
Raigarh ,Maharastra,79.2,45.0,7.5,61.6,96.6,21.8,74.8,83.3,26.3,54.2,67.0,53.8,53.3,61.1
Pune ,Maharastra,89.0,61.2,3.3,50.2,98.0,19.6,79.6,89.5,14.4,51.9,58.7,53.2,53.3,58.6
Ahmadnagar ,Maharastra,86.2,45.7,10.8,53.3,97.9,21.5,79.5,77.4,12.0,50.3,64.5,50.5,53.3,45.0
Bid ,Maharastra,76.3,38.6,15.2,28.4,94.0,20.8,66.4,54.4,9.3,50.8,61.0,51.0,53.3,48.0
Latur ,Maharastra,83.3,40.7,14.2,53.6,94.7,24.2,72.5,78.5,33.6,50.7,59.5,50.7,53.3,56.5
Osmanabad ,Maharastra,83.7,41.5,16.1,66.1,98.1,19.1,71.2,69.7,14.8,49.1,67.4,49.3,53.3,50.9
Solapur ,Maharastra,76.4,36.0,18.6,60.3,96.2,21.2,67.8,73.1,20.5,54.5,70.9,55.5,53.3,60.2
Satara ,Maharastra,87.2,48.3,7.7,59.5,97.1,22.9,78.7,82.1,11.4,49.6,68.9,50.2,53.3,48.7
Ratnagiri ,Maharastra,87.2,41.2,1.2,54.6,97.8,25.8,85.6,58.1,16.6,43.4,69.4,43.4,53.3,33.7
Sindhudurg ,Maharastra,92.1,49.4,1.1,59.6,100.0,21.5,87.9,66.0,13.2,41.2,55.6,41.3,53.3,36.0
Kolhapur ,Maharastra,90.7,53.8,8.8,58.8,99.2,19.2,82.0,84.7,16.5,50.1,66.4,50.1,53.3,42.8
Sangli ,Maharastra,90.3,54.6,10.4,58.2,98.0,15.0,84.7,87.3,12.3,47.5,62.7,47.6,53.3,42.5
Palghar ,Maharastra,77.6,48.3,4.7,65.3,94.2,27.9,75.1,75.0,18.8,56.9,70.3,57.2,53.3,52.1
Thane ,Maharastra,90.5,55.9,4.0,54.9,93.6,18.9,74.7,90.4,22.7,58.8,67.9,58.8,53.3,58.5
Senapati ,Manipur,81.9,39.6,6.3,28.4,45.8,5.3,84.4,50.0,15.4,27.4,48.5,27.9,53.3,23.8
Tamenglong ,Manipur,76.8,33.1,10.2,31.0,57.7,4.6,77.9,30.5,16.8,27.3,37.0,26.9,31.4,29.1
Churachandpur ,Manipur,84.2,36.6,7.5,28.5,72.9,7.1,81.2,62.3,18.2,32.0,41.1,31.0,53.3,28.7
Bishnupur ,Manipur,88.4,48.7,5.1,57.4,89.5,7.7,52.6,71.3,9.3,35.8,42.4,35.6,53.3,33.3
Thoubal ,Manipur,85.4,40.7,7.5,68.5,87.8,7.3,61.3,74.7,19.1,24.2,39.7,23.8,32.0,19.2
Imphal West ,Manipur,92.5,61.9,10.9,60.9,95.7,6.3,58.7,88.6,15.7,26.8,41.8,26.4,53.3,25.0
Imphal East ,Manipur,90.0,49.9,9.5,55.8,91.7,8.7,59.5,79.0,7.0,35.9,50.3,36.3,27.4,36.0
Ukhrul ,Manipur,86.9,49.7,9.8,25.1,44.6,9.7,81.4,22.9,17.0,21.9,34.6,21.6,53.3,20.6
Chandel ,Manipur,80.2,43.3,9.9,44.2,55.5,3.7,85.2,52.0,16.1,27.3,42.4,27.7,53.3,37.8
South Garo Hills ,Meghalaya,88.6,38.4,1.1,51.8,88.3,6.6,88.4,22.3,79.5,56.2,33.6,57.7,33.7,65.0
Ribhoi ,Meghalaya,89.5,23.1,6.8,48.8,56.9,15.5,85.3,21.0,66.8,62.4,45.7,62.2,65.0,57.1
East Khasi Hills ,Meghalaya,93.7,43.5,8.2,40.1,63.4,11.6,80.9,47.4,47.1,48.2,39.0,48.5,43.7,40.0
East Garo Hills ,Meghalaya,86.7,40.5,2.2,28.8,73.8,8.5,83.9,29.1,71.9,50.9,28.0,52.1,29.1,55.7
East Jantia Hills ,Meghalaya,76.0,23.0,14.4,51.9,48.4,13.5,83.6,26.5,74.1,43.9,47.2,43.7,46.5,40.6
North Garo Hills ,Meghalaya,86.1,38.4,3.7,23.7,61.5,7.7,84.9,24.4,60.8,58.4,30.2,58.9,53.3,65.2
South West Garo Hills ,Meghalaya,82.6,33.0,6.3,28.3,83.7,8.5,71.4,33.9,75.1,62.5,35.5,63.6,37.8,67.3
South West Khasi Hills ,Meghalaya,85.9,23.4,13.2,53.8,41.7,17.2,89.6,11.6,72.3,58.9,61.3,58.5,63.2,53.8
West Garo Hills ,Meghalaya,89.0,45.1,1.0,48.2,89.6,7.7,86.3,47.6,77.9,55.3,30.2,57.2,26.7,62.0
West Jaintia Hills ,Meghalaya,80.0,24.7,11.9,32.7,42.2,9.6,75.1,20.7,65.6,55.9,54.6,55.3,64.6,54.2
West Khasi Hills ,Meghalaya,87.4,16.4,12.9,51.6,41.7,14.6,87.8,8.6,60.1,51.8,56.2,52.1,49.6,40.4
Chandel ,Mizoram,80.2,43.3,9.9,44.2,55.5,3.7,85.2,52.0,16.1,27.3,42.4,27.7,53.3,37.8
Mamit ,Mizoram,89.6,40.0,10.3,68.8,75.0,4.1,92.7,73.3,61.7,34.9,45.5,35.1,53.3,42.4
Kolasib ,Mizoram,96.9,41.7,2.2,67.7,91.4,5.9,96.8,87.5,61.1,37.7,53.8,37.3,53.3,30.1
Aizawl ,Mizoram,98.9,60.7,2.0,58.5,97.4,3.8,96.1,95.4,37.5,31.7,44.0,31.6,53.3,31.5
Champhai ,Mizoram,97.7,47.8,4.6,74.3,96.7,5.8,98.3,79.4,64.9,25.7,38.3,26.1,53.3,31.6
Serchhip ,Mizoram,99.7,43.1,3.0,73.0,96.2,5.9,98.2,81.8,58.8,32.1,43.2,31.7,53.3,30.0
Lunglei ,Mizoram,91.6,46.3,3.8,64.7,82.7,6.2,95.6,79.9,46.5,34.9,45.7,35.1,53.3,34.2
Lawngtlai ,Mizoram,76.0,32.2,9.2,50.7,53.7,7.1,90.3,56.3,31.3,48.5,55.3,48.6,53.3,45.5
Mon ,Nagaland,78.2,24.3,2.8,10.6,21.4,8.7,86.4,13.0,39.3,30.2,39.4,30.4,53.3,46.0
Mokokchung ,Nagaland,94.0,55.8,0.7,12.5,51.5,11.3,96.7,46.2,22.3,25.0,35.5,25.8,53.3,21.1
Zunheboto ,Nagaland,87.1,40.2,3.5,5.5,35.0,5.6,88.9,18.6,18.1,31.1,34.9,30.6,53.3,38.0
Wokha ,Nagaland,91.6,45.3,5.2,12.9,43.6,8.8,88.5,41.2,20.6,30.9,45.4,31.0,29.8,47.9
Dimapur ,Nagaland,86.6,52.5,3.3,14.9,73.7,9.6,81.1,84.2,5.7,34.7,48.9,34.8,53.3,36.7
Phek ,Nagaland,85.8,39.4,4.3,13.5,32.2,14.8,90.1,24.2,24.9,30.0,44.9,31.0,18.2,41.6
Tuensang ,Nagaland,77.8,27.0,6.7,3.3,34.8,15.9,92.0,19.7,22.0,28.8,38.8,29.3,20.0,28.5
Longleng ,Nagaland,82.0,23.8,6.5,2.6,38.7,14.4,86.6,11.8,38.3,34.6,40.4,34.9,30.5,43.1
Kiphire ,Nagaland,73.7,22.0,9.0,1.6,34.8,13.9,83.1,16.4,8.8,31.4,55.2,31.9,53.3,36.0
Kohima ,Nagaland,95.2,70.9,1.3,17.2,66.9,11.7,87.4,61.7,26.7,14.9,38.4,15.6,3.9,18.2
Peren ,Nagaland,77.6,35.5,4.4,6.1,43.5,6.6,89.4,31.4,5.4,29.7,51.0,29.9,26.4,29.5
Central ,NCT of Delhi,84.7,57.1,4.0,62.2,92.2,10.4,77.0,98.8,22.6,44.6,70.3,45.1,53.3,54.6
East ,NCT of Delhi,84.3,57.2,1.3,76.7,92.6,11.9,78.0,99.1,30.7,42.5,65.9,42.6,53.3,44.6
New Delhi ,NCT of Delhi,83.9,57.9,5.2,69.7,91.8,12.8,69.4,98.3,25.2,56.0,72.9,56.1,53.3,52.0
North ,NCT of Delhi,81.9,53.9,8.2,55.7,89.7,9.2,70.2,98.1,18.1,47.2,67.5,47.1,53.3,47.7
North East ,NCT of Delhi,85.1,59.8,1.6,78.1,89.2,9.6,89.5,99.7,19.4,45.9,62.5,46.1,53.3,50.1
North West ,NCT of Delhi,86.4,62.9,3.7,65.6,94.0,9.0,88.2,99.1,28.2,51.4,73.6,51.7,53.3,46.6
Shahdara ,NCT of Delhi,85.5,58.4,3.6,67.8,95.8,11.0,83.4,99.8,21.5,49.2,71.4,49.4,53.3,53.5
South ,NCT of Delhi,86.6,61.6,1.5,70.8,82.0,10.1,89.5,97.7,28.7,46.2,65.4,46.3,53.3,42.0
South East ,NCT of Delhi,86.8,65.5,2.6,78.8,96.1,7.7,83.8,99.1,24.5,47.9,72.7,48.3,53.3,55.0
South West ,NCT of Delhi,88.3,68.4,4.7,74.8,92.5,9.0,86.2,99.3,37.7,56.4,70.1,56.7,53.3,65.9
West ,NCT of Delhi,83.2,56.3,1.2,67.5,91.8,10.5,76.8,99.0,21.0,57.2,68.5,57.4,53.3,54.7
Bargarh ,Odisha,75.7,37.4,3.3,52.2,99.6,19.0,61.9,31.9,45.5,62.6,56.2,62.8,53.3,66.8
Jharsuguda ,Odisha,81.0,40.9,1.0,84.7,98.6,21.2,70.0,41.8,37.7,67.8,65.5,68.1,53.3,68.8
Sambalpur ,Odisha,76.6,36.5,0.9,63.1,99.5,19.7,62.4,42.6,49.3,66.7,64.5,67.1,53.3,67.1
Debagarh ,Odisha,69.5,31.3,8.5,60.2,91.2,23.3,69.9,18.4,57.5,72.2,61.5,72.1,53.3,73.5
Sundargarh ,Odisha,74.1,35.6,5.4,60.3,91.3,21.1,65.5,40.2,39.3,69.8,77.1,69.8,53.3,79.8
Kendujhar ,Odisha,67.0,29.5,12.2,48.1,80.4,25.9,47.6,27.9,43.3,69.2,64.6,69.0,53.3,68.2
Mayurbhanj ,Odisha,61.5,25.1,17.2,41.7,91.7,30.2,54.4,16.1,46.5,72.2,71.7,73.0,53.3,63.6
Baleshwar ,Odisha,76.5,38.3,8.3,36.0,97.6,23.9,70.9,28.4,40.6,61.8,43.2,61.5,53.3,57.3
Bhadrak ,Odisha,82.6,37.0,7.2,53.7,96.1,24.7,62.0,22.9,44.9,64.0,68.7,63.8,53.3,69.9
Kendrapara ,Odisha,86.7,42.5,1.8,54.2,96.7,20.5,57.3,27.9,50.0,58.8,61.5,58.9,53.3,57.6
Jagatsinghapur ,Odisha,86.3,46.6,2.6,64.3,98.3,12.9,60.1,30.5,56.8,59.8,58.2,60.4,53.3,60.9
Cuttack ,Odisha,83.2,40.9,5.7,63.3,98.9,15.7,60.2,45.1,42.3,64.5,63.8,64.7,53.3,59.0
Jajapur ,Odisha,78.4,38.0,7.7,49.0,93.8,24.4,47.4,28.4,53.9,63.4,66.4,63.4,53.3,74.1
Dhenkanal ,Odisha,77.1,33.3,9.3,50.9,94.8,18.9,58.2,28.8,55.2,65.9,62.0,66.1,53.3,68.7
Anugul ,Odisha,74.6,33.7,12.2,53.7,85.7,20.6,66.4,23.8,63.1,75.8,75.3,75.8,53.3,85.7
Nayagarh ,Odisha,81.9,27.1,10.0,66.4,98.3,13.1,67.1,42.3,49.3,62.5,55.2,62.6,53.3,61.2
Khordha ,Odisha,85.7,43.2,5.3,71.7,97.8,10.0,73.2,63.3,43.2,68.1,56.1,67.9,53.3,71.5
Puri ,Odisha,87.7,38.1,4.0,76.4,97.7,12.9,67.3,34.4,61.5,63.3,51.0,63.3,53.3,56.1
Ganjam ,Odisha,71.9,32.6,11.4,67.0,93.0,11.2,72.9,63.7,51.9,56.7,61.3,56.9,53.3,58.4
Gajapati ,Odisha,50.5,22.5,5.8,64.9,76.4,23.5,58.3,28.9,39.6,66.1,64.4,65.6,53.3,64.3
Kandhamal ,Odisha,70.3,28.1,4.2,72.5,93.9,21.0,52.4,24.1,54.5,48.9,55.3,48.8,53.3,48.8
Baudh ,Odisha,71.0,29.9,13.7,58.3,93.4,22.1,52.9,30.9,44.7,54.1,56.2,54.6,53.3,53.3
Subarnapur ,Odisha,79.2,37.8,6.3,68.8,96.1,20.5,66.7,41.6,45.8,58.8,73.1,58.8,53.3,59.9
Balangir ,Odisha,69.8,31.4,3.7,83.0,97.9,21.5,66.3,32.6,44.0,59.4,74.9,59.7,53.3,64.2
Nuapada ,Odisha,57.2,27.3,3.9,52.0,89.8,30.7,58.4,23.2,45.3,64.0,73.5,64.3,53.3,64.6
Kalahandi ,Odisha,63.8,26.5,1.9,61.0,92.8,23.8,64.4,28.9,48.6,64.2,68.8,64.0,53.3,66.4
Rayagada ,Odisha,45.1,19.1,9.2,64.3,68.9,26.7,50.5,30.2,45.5,69.1,70.5,68.8,53.3,73.7
Nabarangapur ,Odisha,41.0,15.5,8.3,83.2,87.6,30.9,44.1,19.0,48.4,69.3,70.8,69.7,53.3,70.8
Koraput ,Odisha,41.7,17.6,8.4,72.3,82.1,27.2,39.4,31.5,54.6,58.2,69.7,58.2,53.3,60.4
Malkangiri ,Odisha,41.3,14.0,11.7,63.8,90.7,38.6,41.4,20.9,47.0,71.9,78.7,71.8,74.3,67.4
Yanam ,Puducherry,83.3,51.6,4.8,81.0,100.0,8.5,84.1,98.6,29.2,43.1,39.7,43.5,53.3,44.8
Puducherry ,Puducherry,91.7,67.2,5.3,85.3,99.5,8.1,84.6,95.0,31.3,56.8,66.3,57.5,53.3,60.5
Mahe ,Puducherry,99.7,88.2,0.7,77.9,100.0,6.2,99.8,90.9,23.6,38.4,36.9,38.8,53.3,43.5
Karaikal ,Puducherry,89.6,59.0,0.6,81.4,99.6,12.7,84.3,81.2,26.9,54.4,65.5,53.7,53.3,56.1
Kapurthala ,Punjab,85.3,60.3,2.5,57.9,95.0,11.5,87.7,84.2,20.7,54.5,68.7,54.7,53.3,63.3
Jalandhar ,Punjab,88.1,64.4,0.7,53.9,92.3,11.9,88.2,82.3,25.9,57.0,69.2,57.3,53.3,56.0
Hoshiarpur ,Punjab,92.8,73.2,1.6,57.8,98.3,10.8,89.7,77.3,27.7,54.1,69.6,54.2,53.3,50.4
Shahid Bhagat Singh Nagar ,Punjab,89.9,65.4,2.8,66.1,99.3,9.8,91.3,76.4,23.3,49.8,63.9,49.9,53.3,58.8
Fatehgarh Sahib ,Punjab,87.2,62.3,1.5,71.0,96.6,9.8,87.6,74.3,35.1,65.1,61.5,64.7,53.3,59.7
Ludhiana ,Punjab,85.3,61.6,1.8,67.1,90.1,10.1,84.6,83.2,25.2,64.3,77.9,65.0,53.3,66.0
Moga ,Punjab,76.0,45.2,4.3,51.1,93.0,13.4,87.8,71.5,23.7,54.4,70.3,54.7,53.3,60.8
Muktsar ,Punjab,72.7,39.8,2.7,47.8,96.4,18.4,82.9,72.9,23.9,61.0,69.0,60.9,53.3,67.7
Faridkot ,Punjab,75.3,46.5,4.7,48.1,94.3,16.3,87.5,79.1,20.4,63.2,76.1,63.4,53.3,58.9
Bathinda ,Punjab,72.5,41.1,3.9,37.5,93.1,16.5,88.4,78.1,20.1,59.7,69.6,59.7,53.3,59.4
Mansa ,Punjab,69.4,37.5,2.7,48.8,88.8,16.1,85.4,52.3,18.4,60.4,78.2,60.2,53.3,63.5
Patiala ,Punjab,78.6,56.0,5.2,70.4,97.3,14.0,88.1,80.4,33.8,65.3,76.7,65.1,53.3,66.8
Amritsar ,Punjab,81.7,56.7,4.4,45.1,95.9,9.6,86.0,82.9,26.2,52.1,73.6,52.6,53.3,49.7
Tarn Taran ,Punjab,68.6,40.4,5.2,55.6,96.0,12.5,82.0,66.2,25.0,61.7,70.5,61.9,53.3,71.0
Rupnagar ,Punjab,88.9,64.0,0.6,70.0,97.8,13.4,84.0,63.9,37.8,64.5,65.5,64.4,53.3,63.7
Sahibzada Ajit Singh Nagar ,Punjab,86.7,62.5,2.9,70.3,97.4,9.5,87.6,88.9,31.0,59.5,63.7,59.6,53.3,59.5
Sangrur ,Punjab,79.8,54.4,1.4,48.6,94.7,14.1,92.4,69.8,18.7,52.6,66.9,52.7,53.3,62.7
Barnala ,Punjab,78.8,53.1,2.6,56.5,96.7,13.0,90.7,73.5,20.7,55.2,60.6,55.2,53.3,56.5
Fazilka ,Punjab,72.8,41.3,2.6,38.6,91.7,19.4,81.8,57.1,20.6,66.9,70.0,67.1,53.3,66.0
Firozpur ,Punjab,75.7,47.5,1.9,40.3,95.5,12.6,84.8,68.6,21.0,61.5,73.4,61.4,53.3,61.1
Gurdaspur ,Punjab,84.4,64.6,8.2,56.1,92.4,11.1,85.4,81.3,23.5,55.2,70.1,55.7,53.3,54.7
Pathankot ,Punjab,90.5,74.0,2.7,61.3,94.8,11.0,79.2,79.8,27.0,55.0,68.3,55.8,53.3,57.4
Ganganagar ,Rajasthan,71.0,39.3,2.4,48.5,97.7,14.3,83.4,45.5,85.3,59.0,72.3,58.8,53.3,67.2
Hanumangarh ,Rajasthan,69.7,38.4,2.8,48.3,94.9,19.3,83.8,36.2,89.0,60.3,81.0,60.4,53.3,61.7
Bikaner ,Rajasthan,64.3,30.2,6.5,29.8,90.0,17.8,79.8,51.4,87.4,58.9,82.4,59.4,46.4,63.6
Churu ,Rajasthan,66.0,33.4,4.2,31.4,87.8,20.3,80.2,40.6,81.9,52.9,78.1,53.0,53.3,51.2
Jhunjhunun ,Rajasthan,76.1,45.2,0.8,38.8,97.1,20.0,79.0,55.5,86.1,55.4,77.2,55.5,53.3,57.0
Alwar ,Rajasthan,65.6,35.1,8.0,16.7,91.3,24.3,66.0,34.9,80.8,53.2,63.2,53.3,53.3,55.3
Bharatpur ,Rajasthan,63.1,30.3,5.1,13.7,92.1,23.5,62.7,24.3,84.8,60.8,75.7,61.0,56.1,61.7
Dhaulpur ,Rajasthan,59.9,27.0,7.2,21.3,94.4,21.5,57.5,36.5,89.0,68.5,81.7,68.8,63.7,67.4
Karauli ,Rajasthan,54.8,22.7,7.0,14.1,97.6,23.0,49.9,24.2,86.4,61.5,75.9,61.1,53.3,60.5
Sawai Madhopur ,Rajasthan,57.4,28.3,2.9,24.6,97.4,25.8,71.2,29.1,80.5,57.5,73.3,57.6,55.9,64.6
Dausa ,Rajasthan,62.2,34.6,3.0,16.3,98.2,22.7,59.4,22.6,91.2,60.3,74.4,60.3,53.3,61.6
Jaipur ,Rajasthan,73.8,47.9,1.8,20.6,97.3,16.6,79.6,60.1,81.5,54.1,71.3,54.4,53.3,53.6
Sikar ,Rajasthan,73.3,41.4,3.0,45.1,95.8,21.4,77.9,58.4,82.4,44.0,61.5,44.3,53.3,42.1
Nagaur ,Rajasthan,67.8,32.3,0.9,40.6,97.0,18.9,79.0,45.7,90.0,45.3,65.1,45.6,53.3,55.2
Jodhpur ,Rajasthan,68.2,34.6,5.1,46.3,90.0,16.9,75.4,56.1,87.5,43.4,64.4,44.2,23.6,50.1
Jaisalmer ,Rajasthan,63.5,18.7,1.0,37.5,90.0,16.3,75.7,30.9,93.7,44.4,58.6,44.7,53.3,53.8
Barmer ,Rajasthan,67.6,25.6,2.0,41.7,93.3,19.7,83.6,26.8,97.8,49.4,67.1,50.0,36.6,61.6
Jalor ,Rajasthan,62.6,22.2,2.9,38.0,95.5,19.7,77.4,36.5,96.6,59.9,66.3,60.8,43.5,73.8
Sirohi ,Rajasthan,62.2,25.7,4.4,42.5,95.7,17.7,54.1,46.0,92.0,64.0,75.8,65.3,42.2,72.2
Pali ,Rajasthan,76.3,36.6,2.2,43.8,98.8,16.3,81.8,53.1,96.2,58.8,72.6,59.7,42.1,69.7
Ajmer ,Rajasthan,70.2,40.2,5.5,39.6,95.1,14.2,77.5,52.9,88.7,52.7,76.3,52.5,53.3,54.4
Tonk ,Rajasthan,56.4,27.3,3.1,33.5,97.4,23.8,66.2,24.1,84.5,52.8,64.6,52.9,53.3,59.6
Bundi ,Rajasthan,57.9,27.4,2.3,35.5,95.3,29.6,56.3,26.5,87.7,55.9,74.9,56.3,53.3,57.2
Bhilwara ,Rajasthan,58.1,25.3,5.4,30.4,95.0,16.3,62.3,26.5,89.1,50.4,62.7,50.7,53.3,52.6
Rajsamand ,Rajasthan,69.7,33.9,3.2,46.3,95.1,18.1,72.1,37.1,93.2,58.4,84.3,58.6,53.3,63.3
Dungarpur ,Rajasthan,68.2,32.5,4.4,38.0,94.1,26.8,59.9,27.3,97.5,72.6,79.8,73.6,53.3,77.3
Banswara ,Rajasthan,54.8,28.5,5.2,26.4,97.7,23.3,40.8,21.1,84.2,52.8,82.1,53.1,53.3,70.2
Chittaurgarh ,Rajasthan,57.5,24.8,3.5,30.2,96.8,20.2,63.8,31.3,90.6,45.1,72.4,45.4,53.3,46.6
Kota ,Rajasthan,77.9,44.0,0.5,37.3,97.9,15.5,79.0,72.3,80.9,51.8,66.7,51.8,53.3,59.5
Baran ,Rajasthan,59.7,24.4,3.0,36.9,97.3,20.5,59.0,39.6,89.5,60.1,65.1,60.1,53.3,61.3
Jhalawar ,Rajasthan,56.3,22.4,5.6,30.3,98.3,19.8,62.1,33.8,93.6,51.5,73.1,51.7,53.3,56.9
Udaipur ,Rajasthan,64.2,30.1,4.5,44.7,96.1,17.5,60.3,34.3,94.3,60.5,76.9,61.4,53.3,63.3
Pratapgarh ,Rajasthan,55.4,23.5,3.2,17.0,96.4,24.1,46.3,23.0,84.5,53.1,65.8,53.0,53.3,54.9
North  District ,Sikkim,81.4,37.7,3.8,74.0,97.3,3.4,83.8,65.9,24.5,36.7,53.5,37.0,53.3,45.6
West District ,Sikkim,85.7,43.9,2.5,48.6,99.3,3.0,88.9,69.8,19.9,42.7,67.1,42.6,53.3,45.7
South District ,Sikkim,90.5,45.7,8.7,71.3,97.4,4.6,91.7,66.5,20.8,39.8,56.5,39.9,53.3,54.6
East District ,Sikkim,90.1,53.2,1.7,48.3,91.8,7.7,85.0,87.6,29.9,43.3,49.8,43.3,53.3,44.6
Thiruvallur ,Tamil Nadu,85.9,57.2,5.8,75.0,100.0,10.5,75.6,93.4,57.4,56.8,58.4,56.9,53.3,64.4
Chennai ,Tamil Nadu,96.1,76.7,3.0,86.3,100.0,7.4,90.4,97.7,58.2,50.3,55.3,50.5,53.3,52.8
Kancheepuram ,Tamil Nadu,84.5,56.8,2.5,73.5,100.0,12.6,75.9,88.1,59.7,57.0,68.8,57.0,53.3,62.7
Vellore ,Tamil Nadu,84.7,52.5,4.9,94.2,99.5,11.4,76.2,85.3,71.4,50.6,60.9,50.7,53.3,47.2
Tiruvannamalai ,Tamil Nadu,81.7,50.2,8.5,84.5,99.1,12.6,61.7,70.7,69.6,56.6,64.7,56.3,53.3,49.3
Viluppuram ,Tamil Nadu,77.8,45.7,7.9,72.7,99.1,17.2,53.8,68.6,77.6,62.5,73.4,62.6,53.3,67.2
Salem ,Tamil Nadu,83.2,51.3,8.9,82.2,100.0,10.1,64.5,84.5,67.5,46.3,51.3,46.5,53.3,40.9
Namakkal ,Tamil Nadu,88.9,55.7,6.5,87.5,100.0,9.4,75.2,89.7,68.8,51.9,67.9,51.9,53.3,50.3
Erode ,Tamil Nadu,83.1,57.8,14.8,82.2,100.0,11.4,67.6,95.9,77.7,55.4,46.5,55.3,53.3,64.2
The Nilgiris ,Tamil Nadu,90.6,63.4,4.5,93.8,100.0,10.8,83.6,81.5,74.5,44.2,45.9,44.4,53.3,37.7
Dindigul ,Tamil Nadu,81.0,50.1,8.6,85.7,97.0,12.9,61.0,76.3,71.9,42.6,50.2,42.9,53.3,41.4
Karur ,Tamil Nadu,80.5,51.2,3.3,68.7,100.0,17.9,63.6,72.5,74.6,65.0,73.2,65.5,53.3,60.7
Tiruchirappalli ,Tamil Nadu,84.8,57.1,4.5,86.1,98.6,16.7,67.1,71.2,67.8,62.4,82.3,62.5,53.3,64.7
Perambalur ,Tamil Nadu,83.0,49.0,7.7,78.7,100.0,18.0,57.4,75.1,75.5,66.1,69.2,66.9,53.3,61.6
Ariyalur ,Tamil Nadu,77.4,50.7,11.5,84.7,100.0,15.6,54.6,46.7,71.1,62.4,62.0,62.4,53.3,58.8
Cuddalore ,Tamil Nadu,80.5,50.1,4.9,68.5,99.2,14.8,61.3,75.6,64.4,58.6,64.8,58.6,53.3,55.6
Nagapattinam ,Tamil Nadu,89.3,53.7,5.2,85.6,99.7,19.4,69.6,59.0,70.9,62.6,60.9,63.2,53.3,58.8
Thiruvarur ,Tamil Nadu,91.2,57.5,2.7,86.3,100.0,15.4,71.0,58.9,75.2,58.2,45.0,58.3,53.3,49.0
Thanjavur ,Tamil Nadu,86.4,54.3,8.4,79.3,100.0,12.7,79.6,69.4,70.6,59.0,64.8,59.1,53.3,60.0
Pudukkottai ,Tamil Nadu,83.7,52.2,11.3,73.7,100.0,20.3,55.2,42.0,72.9,62.5,71.1,62.5,53.3,61.8
Sivaganga ,Tamil Nadu,88.0,59.9,9.6,81.1,100.0,12.7,74.4,75.2,67.7,51.5,56.4,51.6,53.3,36.4
Madurai ,Tamil Nadu,87.3,58.6,4.0,71.0,100.0,12.2,80.1,91.2,66.3,48.0,54.3,48.3,53.3,46.9
Theni ,Tamil Nadu,86.9,56.9,13.5,85.6,100.0,10.3,74.4,89.9,67.4,41.2,46.8,41.3,53.3,35.5
Virudhunagar ,Tamil Nadu,85.3,53.5,3.6,69.5,97.8,14.1,59.8,90.5,51.3,56.9,58.9,57.1,53.3,59.7
Ramanathapuram ,Tamil Nadu,86.1,53.7,6.0,77.1,99.6,15.7,78.6,82.7,69.7,53.6,57.2,53.8,53.3,52.2
Thoothukkudi ,Tamil Nadu,90.3,59.5,0.9,86.1,100.0,11.9,79.4,90.7,57.8,55.9,55.6,56.3,53.3,44.3
Tirunelveli ,Tamil Nadu,87.3,54.2,4.3,87.4,100.0,13.5,79.8,87.9,61.3,51.0,49.9,51.5,53.3,54.5
Kanniyakumari ,Tamil Nadu,98.0,77.1,4.0,90.3,100.0,5.9,96.2,74.4,64.1,45.6,39.1,45.5,53.3,39.3
Dharmapuri ,Tamil Nadu,80.6,54.4,6.4,92.7,99.6,12.9,72.4,82.5,75.5,42.5,54.2,42.0,53.3,31.9
Krishnagiri ,Tamil Nadu,79.9,53.9,9.5,93.7,99.6,11.7,75.9,86.0,73.6,44.0,46.5,44.3,53.3,39.4
Coimbatore ,Tamil Nadu,90.6,62.8,10.3,91.5,100.0,10.1,78.5,95.5,61.0,48.9,37.8,48.8,53.3,51.4
Tiruppur ,Tamil Nadu,87.5,55.1,5.1,95.0,100.0,9.9,75.9,95.4,59.9,55.2,44.8,55.9,53.3,56.0
Adilabad ,Telangana,64.8,41.0,7.8,44.4,94.1,26.9,50.8,81.6,63.6,61.1,76.3,61.1,53.3,68.0
Bhadradri Kothagudem ,Telangana,68.7,41.8,13.0,62.5,97.4,14.9,75.3,89.2,59.4,68.7,69.3,69.3,53.3,79.3
Hyderabad ,Telangana,83.6,63.2,2.2,72.2,98.3,12.4,84.4,99.5,48.9,52.7,63.6,52.5,53.3,70.6
Jagitial ,Telangana,62.4,43.5,3.1,53.5,94.4,22.5,76.5,94.7,59.2,56.3,59.9,56.4,53.3,66.2
Jangoan ,Telangana,65.5,44.0,6.5,59.4,99.6,18.2,84.3,91.1,71.7,57.5,69.5,57.3,53.3,58.8
Jayashankar Bhupalapally ,Telangana,58.9,36.3,13.2,58.9,99.5,17.7,65.6,90.3,71.5,65.9,67.9,66.4,53.3,64.9
Jogulamba Gadwal ,Telangana,45.0,27.4,15.9,56.6,94.2,27.5,73.7,86.1,61.8,64.6,82.4,64.1,53.3,66.9
Kamareddy ,Telangana,58.6,35.6,1.1,56.1,97.1,21.7,68.2,82.3,66.5,58.9,71.6,59.5,53.3,65.5
Karimnagar ,Telangana,70.3,50.8,7.6,48.8,98.4,20.6,78.8,94.9,58.6,61.1,70.8,61.1,53.3,73.2
Khammam ,Telangana,66.3,40.9,10.9,66.7,97.9,12.8,84.5,97.1,60.4,62.4,60.5,62.2,53.3,61.7
Komaram Bheem Asifabad ,Telangana,51.7,28.7,4.6,49.0,82.0,25.7,54.0,85.8,63.6,67.3,70.7,67.3,53.3,74.5
Mahabubabad ,Telangana,58.0,34.7,6.6,52.1,97.7,18.6,68.6,86.6,69.3,62.8,81.1,63.0,53.3,70.3
Mahabubnagar ,Telangana,59.6,40.4,9.2,69.1,98.1,24.0,73.7,85.9,70.3,54.7,82.6,55.1,53.3,61.2
Mancherial ,Telangana,69.5,48.8,3.7,68.1,90.1,21.9,78.1,93.1,64.4,56.7,58.7,57.1,53.3,62.3
Medak ,Telangana,57.7,39.3,6.5,41.8,98.9,25.4,78.2,80.1,61.2,54.4,70.0,54.8,53.3,57.7
Medchal-Malkajgiri ,Telangana,79.5,59.3,3.1,60.8,98.3,15.2,86.2,99.0,53.8,56.8,73.8,57.4,53.3,56.1
Nagarkurnool ,Telangana,57.1,36.0,5.3,65.9,98.0,19.1,73.2,87.3,68.6,54.0,75.1,53.5,53.3,62.1
Nalgonda ,Telangana,62.6,40.9,6.0,66.8,98.3,15.5,76.4,94.6,64.8,54.3,74.5,54.2,53.3,60.6
Nirmal ,Telangana,58.6,40.9,9.6,58.7,96.7,26.9,63.6,88.8,49.9,57.7,65.3,58.1,53.3,57.3
Nizamabad ,Telangana,63.1,42.4,3.8,40.9,97.3,21.0,72.5,92.4,52.3,57.0,65.3,57.7,53.3,65.2
Peddapalli ,Telangana,73.7,46.6,4.6,61.0,96.5,16.5,77.8,96.6,59.1,64.6,69.6,64.6,53.3,78.3
Rajanna Sircilla ,Telangana,64.7,46.4,3.0,55.2,97.6,18.6,77.4,96.6,62.8,56.0,65.7,56.6,53.3,61.4
Ranga Reddy ,Telangana,72.1,51.4,5.2,48.2,97.2,14.9,81.1,97.0,58.3,53.2,75.8,53.6,53.3,58.0
Sangareddy ,Telangana,63.6,41.5,4.4,44.0,93.0,20.0,68.0,81.1,58.1,48.3,67.0,47.9,53.3,59.5
Siddipet ,Telangana,71.0,51.3,1.0,60.6,99.7,17.9,84.1,93.2,60.9,56.7,63.5,56.9,53.3,76.6
Suryapet ,Telangana,63.5,42.5,6.2,67.1,95.9,16.0,77.9,94.5,63.1,57.5,76.6,58.1,53.3,64.5
Vikarabad ,Telangana,59.3,38.3,10.0,37.2,95.0,25.6,66.7,76.0,59.6,61.0,70.0,61.3,53.3,62.0
Wanaparthy ,Telangana,52.1,37.0,4.7,64.3,99.0,24.6,75.9,88.9,70.1,58.7,75.3,58.5,53.3,65.2
Warangal Rural ,Telangana,60.1,40.0,12.9,51.9,100.0,22.6,74.3,87.8,72.0,59.3,71.5,59.2,53.3,64.3
Warangal Urban ,Telangana,76.9,57.2,4.3,63.7,99.7,16.8,81.2,94.6,62.0,57.9,67.0,57.8,53.3,54.9
Yadadri Bhuvanagiri ,Telangana,68.4,48.0,1.7,60.5,97.7,19.4,81.9,94.9,65.3,53.8,65.3,54.3,53.3,60.1
Dhalai ,Tripura,71.6,13.9,26.9,26.0,87.3,15.9,67.6,34.0,44.2,70.0,81.2,69.7,53.3,65.4
Gomati ,Tripura,77.2,22.8,24.4,22.0,93.2,14.1,77.4,47.7,29.9,62.3,70.7,62.6,53.3,63.2
Khowai ,Tripura,80.5,18.9,24.3,38.0,95.7,18.7,67.8,41.5,44.1,63.7,73.4,63.7,53.3,64.8
North Tripura ,Tripura,83.1,23.7,11.9,17.3,85.4,18.6,74.1,41.6,28.7,69.3,52.5,69.6,53.3,72.3
Sepahijala ,Tripura,79.6,21.7,26.6,18.8,87.7,13.9,75.4,37.1,31.6,69.4,72.1,69.8,53.3,70.4
South Tripura ,Tripura,80.3,21.6,23.1,29.5,89.7,16.8,68.6,29.4,37.3,66.5,59.6,66.8,53.3,70.8
Unakoti ,Tripura,76.4,18.7,21.2,31.6,71.5,26.0,61.8,29.2,28.0,67.9,62.8,67.4,53.3,72.9
West Tripura ,Tripura,86.2,30.9,20.2,31.8,95.3,13.7,80.2,65.2,28.1,67.3,54.5,67.6,53.3,64.9
Saharanpur ,Uttar Pradesh,73.8,38.2,1.3,25.7,81.7,12.8,83.8,56.6,11.8,41.4,68.1,41.8,53.3,46.9
Bijnor ,Uttar Pradesh,74.1,39.7,1.2,21.8,83.7,17.0,78.2,45.8,18.8,46.0,60.9,45.9,47.0,46.8
Rampur ,Uttar Pradesh,59.3,26.9,3.5,32.7,81.0,13.6,79.0,46.2,13.1,55.4,69.6,55.7,51.2,59.3
Jyotiba Phule Nagar ,Uttar Pradesh,64.4,35.4,4.0,23.5,81.1,16.0,78.9,45.4,8.3,47.6,69.6,47.9,40.4,51.7
Meerut ,Uttar Pradesh,80.2,47.3,2.4,35.5,80.6,12.8,82.7,68.5,18.4,45.5,55.2,45.5,44.9,45.1
Baghpat ,Uttar Pradesh,78.1,44.0,2.7,33.8,80.9,14.9,87.0,51.5,12.5,53.3,60.2,52.6,53.3,56.5
Gautam Buddha Nagar ,Uttar Pradesh,80.6,51.9,2.1,34.1,86.6,15.0,74.0,75.0,23.8,59.4,62.9,59.3,53.3,57.8
Bulandshahr ,Uttar Pradesh,72.1,37.8,5.5,30.4,83.5,15.8,81.5,48.4,20.5,52.0,64.1,51.5,61.2,54.0
Aligarh ,Uttar Pradesh,68.7,37.5,4.5,25.2,82.6,18.6,69.4,51.4,17.6,56.5,62.6,56.4,53.3,52.5
Mahamaya Nagar ,Uttar Pradesh,68.7,39.1,5.7,15.0,80.3,15.9,73.3,46.5,10.9,58.2,72.1,58.1,61.0,60.9
Mathura ,Uttar Pradesh,67.9,34.7,6.4,14.1,79.5,18.1,71.2,47.3,10.8,63.0,77.2,63.5,55.2,67.8
Agra ,Uttar Pradesh,65.0,36.1,3.5,20.9,89.1,15.4,70.8,67.5,9.4,59.4,73.0,59.4,53.3,61.4
Firozabad ,Uttar Pradesh,74.4,42.4,3.6,14.9,80.1,18.8,69.0,53.5,13.4,57.1,73.9,57.7,45.8,61.8
Mainpuri ,Uttar Pradesh,78.4,45.8,4.0,16.2,82.7,15.3,63.1,39.8,16.1,57.8,70.4,58.2,48.4,61.4
Bareilly ,Uttar Pradesh,54.7,22.1,5.6,18.0,75.1,18.2,79.7,54.6,18.7,60.8,67.7,61.3,53.3,66.2
Pilibhit ,Uttar Pradesh,59.3,28.5,4.6,26.3,76.2,16.4,76.8,48.1,21.4,52.0,57.3,52.6,53.3,58.4
Shahjahanpur ,Uttar Pradesh,59.5,27.7,4.6,24.5,63.3,17.8,69.2,40.4,14.2,60.3,75.4,60.6,56.0,58.7
Kheri ,Uttar Pradesh,62.0,28.7,3.6,12.0,82.8,30.9,65.6,35.9,22.0,53.0,66.3,52.8,53.3,52.5
Sitapur ,Uttar Pradesh,59.2,23.9,3.4,18.0,84.8,30.1,52.5,31.5,23.2,55.3,66.4,55.2,57.8,61.2
Hardoi ,Uttar Pradesh,59.3,26.5,2.8,23.8,73.9,22.9,55.7,29.0,16.0,59.7,76.1,59.5,63.3,61.1
Unnao ,Uttar Pradesh,68.2,37.0,2.2,18.6,80.8,22.6,60.3,43.4,15.3,48.9,76.0,49.6,53.3,49.6
Lucknow ,Uttar Pradesh,79.8,51.9,2.1,22.8,91.3,15.7,80.4,78.3,15.8,55.8,52.9,55.9,53.3,52.8
Farrukhabad ,Uttar Pradesh,65.1,33.3,4.1,24.5,69.3,18.3,72.6,45.5,13.5,56.9,77.1,57.5,47.7,58.3
Kannauj ,Uttar Pradesh,68.3,37.3,1.3,25.4,76.4,20.5,70.1,35.5,15.3,65.2,79.6,65.2,66.4,68.8
Etawah ,Uttar Pradesh,79.7,45.7,2.2,28.7,85.2,16.0,78.1,48.6,17.9,57.4,74.0,57.6,51.9,65.6
Auraiya ,Uttar Pradesh,79.3,46.2,4.9,23.7,90.1,18.8,74.3,33.7,18.4,39.1,64.2,39.0,42.1,44.0
Kanpur Dehat ,Uttar Pradesh,75.6,45.4,1.9,24.0,84.3,17.1,70.6,39.3,17.9,54.9,69.2,54.6,53.3,55.6
Kanpur Nagar ,Uttar Pradesh,82.7,58.5,3.4,26.6,86.6,13.8,77.5,76.9,16.1,57.0,76.3,57.4,53.3,63.0
Jalaun ,Uttar Pradesh,71.0,38.9,2.2,20.5,85.1,22.2,80.2,36.5,17.6,44.2,55.2,44.0,53.3,39.5
Jhansi ,Uttar Pradesh,72.5,43.3,3.5,24.7,92.9,18.7,73.2,51.9,11.4,41.3,70.3,41.5,53.3,40.2
Lalitpur ,Uttar Pradesh,61.3,23.8,9.4,26.8,90.8,22.4,64.2,20.3,11.7,38.1,56.0,37.5,51.0,42.0
Hamirpur ,Uttar Pradesh,73.2,37.6,1.4,27.1,96.3,22.5,77.7,29.0,21.9,46.1,68.5,46.4,53.3,49.7
Mahoba ,Uttar Pradesh,69.7,30.7,4.0,27.7,96.3,28.0,69.0,28.2,16.2,49.4,70.1,49.5,53.3,53.5
Banda ,Uttar Pradesh,62.6,27.1,2.5,18.0,89.8,25.7,59.3,26.8,13.3,52.2,82.2,52.3,53.3,54.5
Chitrakoot ,Uttar Pradesh,62.1,30.2,3.5,13.4,81.1,24.1,56.7,31.2,17.4,46.6,55.3,46.7,43.9,51.9
Fatehpur ,Uttar Pradesh,66.5,37.3,3.3,17.7,81.4,24.7,63.1,38.9,16.8,63.0,78.1,63.7,49.0,60.5
Pratapgarh ,Uttar Pradesh,77.7,49.7,0.7,22.8,90.8,19.6,52.0,37.1,14.9,48.9,58.0,49.9,53.3,51.6
Kaushambi ,Uttar Pradesh,62.0,31.9,2.9,21.3,88.6,24.1,59.6,37.0,20.2,54.4,65.5,54.6,53.3,54.8
Allahabad ,Uttar Pradesh,70.8,47.6,2.0,22.3,83.2,17.3,59.5,45.1,20.6,46.4,50.5,46.5,53.3,49.1
Bara Banki ,Uttar Pradesh,61.1,29.5,3.4,12.5,76.0,26.0,62.4,47.8,14.6,55.3,65.5,55.0,53.3,61.1
Faizabad ,Uttar Pradesh,77.7,49.0,2.0,20.8,89.1,20.0,64.4,41.3,19.8,52.3,57.7,52.7,53.3,52.7
Ambedkar Nagar ,Uttar Pradesh,78.5,53.0,0.0,25.2,92.2,26.7,63.6,32.2,23.0,52.7,54.9,52.9,53.3,55.0
Bahraich ,Uttar Pradesh,41.6,14.4,8.4,22.4,67.7,29.9,44.2,38.2,10.1,48.8,71.7,48.8,48.6,52.6
Shrawasti ,Uttar Pradesh,40.8,15.9,5.3,16.6,80.4,22.8,58.1,36.9,13.5,44.4,61.2,44.6,41.0,46.4
Balrampur ,Uttar Pradesh,44.9,16.8,4.1,23.9,69.7,22.2,59.7,39.6,13.0,53.7,75.4,54.8,38.1,54.7
Gonda ,Uttar Pradesh,60.4,31.5,4.2,17.2,81.8,24.6,44.6,56.2,13.4,49.3,62.0,49.3,48.8,51.6
Siddharthnagar ,Uttar Pradesh,49.1,17.0,3.7,31.7,69.7,25.8,42.8,50.6,12.2,51.2,75.8,51.4,46.2,50.9
Basti ,Uttar Pradesh,65.3,40.9,1.0,15.9,93.2,20.0,64.2,57.0,15.8,39.9,58.4,40.3,53.3,41.1
Sant Kabir Nagar ,Uttar Pradesh,62.7,34.8,1.9,23.8,90.6,19.3,65.1,58.1,20.4,43.5,71.6,43.8,36.2,47.1
Mahrajganj ,Uttar Pradesh,64.1,33.8,3.6,26.5,93.3,17.9,66.7,65.1,18.2,47.1,60.5,47.3,53.3,43.4
Gorakhpur ,Uttar Pradesh,70.1,42.8,2.4,29.3,91.6,18.0,69.6,66.8,17.9,52.9,67.4,53.4,41.4,55.8
Kushinagar ,Uttar Pradesh,64.4,34.1,2.6,17.8,89.4,19.0,73.1,55.2,15.6,42.3,52.8,42.7,53.3,45.7
Deoria ,Uttar Pradesh,73.7,50.4,2.1,13.8,93.4,16.8,69.1,67.2,10.5,33.8,54.9,34.2,53.3,39.0
Azamgarh ,Uttar Pradesh,78.9,52.6,0.3,19.4,93.2,22.1,72.8,37.6,9.0,54.3,58.9,54.2,53.3,57.8
Mau ,Uttar Pradesh,74.4,53.1,0.3,27.6,94.7,16.5,75.1,54.2,16.0,44.3,62.7,44.5,53.3,53.8
Ballia ,Uttar Pradesh,73.3,50.1,1.7,15.8,90.0,16.8,61.7,53.8,10.6,52.2,71.6,53.0,53.3,58.0
Jaunpur ,Uttar Pradesh,77.3,52.7,0.6,14.8,88.8,17.5,62.6,55.2,12.0,34.0,65.3,34.1,53.3,41.4
Ghazipur ,Uttar Pradesh,75.8,51.4,1.9,10.6,88.3,19.4,64.1,39.3,10.6,45.7,71.6,46.2,53.3,49.8
Chandauli ,Uttar Pradesh,73.9,47.2,2.1,26.3,86.2,21.4,66.7,42.3,28.1,48.7,64.6,48.5,53.3,52.4
Varanasi ,Uttar Pradesh,80.6,55.0,0.0,30.1,95.2,15.7,83.2,71.5,12.8,37.6,65.2,38.2,53.3,42.0
Sant Ravidas Nagar (Bhadohi) ,Uttar Pradesh,72.6,46.5,1.7,12.9,90.3,15.8,68.8,39.9,18.8,43.8,59.2,43.2,53.8,39.7
Mirzapur ,Uttar Pradesh,73.4,43.8,2.4,11.6,91.1,20.9,72.3,42.5,15.0,42.1,59.8,42.3,53.3,43.6
Sonbhadra ,Uttar Pradesh,64.8,35.7,6.9,28.0,76.8,20.9,70.6,30.4,19.7,44.5,63.0,44.2,53.3,44.2
Etah ,Uttar Pradesh,70.8,38.8,4.3,20.0,76.7,18.7,62.7,39.6,12.8,55.4,77.4,56.0,44.6,60.9
Kanshiram Nagar ,Uttar Pradesh,60.6,29.7,7.6,22.4,74.8,17.7,69.8,36.6,15.1,64.6,80.8,66.1,44.8,64.1
Amethi ,Uttar Pradesh,67.3,34.6,1.9,15.9,90.8,21.0,60.9,26.4,20.9,46.1,52.4,46.6,53.3,45.4
Budaun ,Uttar Pradesh,52.4,21.6,7.0,15.9,72.3,19.4,69.7,39.8,13.6,55.3,72.2,56.2,39.3,55.6
Ghaziabad ,Uttar Pradesh,81.8,55.2,0.6,47.8,86.4,11.1,84.5,92.4,20.0,55.2,61.8,55.9,53.3,59.8
Hapur ,Uttar Pradesh,75.3,43.5,0.8,29.0,83.3,9.4,85.6,68.0,14.9,50.6,69.4,51.7,30.8,55.7
Moradabad ,Uttar Pradesh,69.4,42.6,1.5,17.2,80.3,13.4,79.0,58.3,17.1,44.9,67.6,45.5,33.6,43.4
Muzaffarnagar ,Uttar Pradesh,73.4,41.8,1.0,34.5,87.0,11.1,80.1,59.8,8.2,46.0,65.4,46.2,53.3,48.8
Rae Bareli ,Uttar Pradesh,66.5,36.1,1.3,16.0,89.5,18.5,55.0,39.4,16.8,48.2,76.4,48.3,53.3,49.7
Sambhal ,Uttar Pradesh,52.6,24.1,4.3,21.3,74.2,16.1,72.8,38.2,13.7,51.3,69.8,51.1,53.0,57.3
Shamli ,Uttar Pradesh,65.8,32.6,2.3,25.0,78.3,9.8,83.3,53.6,14.8,41.7,65.2,42.4,28.8,49.5
Sultanpur ,Uttar Pradesh,74.9,46.6,1.1,27.8,87.0,20.8,65.1,33.7,20.7,50.2,62.3,49.5,65.2,45.4
Uttarkashi ,Uttarakhand,81.2,53.6,4.8,46.9,85.9,12.9,75.7,32.6,80.3,60.9,73.6,60.8,64.0,66.1
Chamoli ,Uttarakhand,90.5,59.0,3.0,40.8,73.9,9.6,87.6,37.4,71.1,41.8,65.5,41.8,53.3,39.3
Rudraprayag ,Uttarakhand,87.2,56.4,1.8,51.9,86.6,8.8,86.8,35.1,76.6,40.6,52.4,40.7,53.3,43.1
Tehri Garhwal ,Uttarakhand,75.5,50.8,1.7,57.6,82.2,12.7,84.6,34.9,71.2,42.2,61.7,41.9,53.3,46.9
Dehradun ,Uttarakhand,87.6,62.6,0.4,57.7,91.7,13.1,83.9,88.8,67.3,47.9,59.5,47.9,53.3,45.6
Garhwal ,Uttarakhand,85.8,56.2,1.3,40.2,76.0,16.1,83.3,48.1,62.7,40.3,57.2,40.8,53.3,44.3
Pithoragarh ,Uttarakhand,89.1,55.5,3.7,52.6,84.9,11.5,84.5,45.9,72.8,25.5,36.2,25.2,53.3,30.2
Bageshwar ,Uttarakhand,87.8,52.2,1.7,42.4,82.0,17.2,88.5,34.6,71.9,27.8,43.7,27.8,53.3,27.3
Almora ,Uttarakhand,88.0,48.0,1.7,38.6,80.1,15.6,89.2,35.9,66.0,33.4,57.7,34.0,53.3,31.8
Champawat ,Uttarakhand,84.7,51.0,1.9,57.7,79.8,14.6,82.7,39.8,65.7,32.5,43.1,32.6,53.3,33.6
Nainital ,Uttarakhand,85.4,55.2,2.0,45.7,81.2,12.7,82.4,71.6,60.8,34.5,59.8,34.6,53.3,38.0
Udham Singh Nagar ,Uttarakhand,72.3,41.1,5.2,45.7,85.1,14.1,70.9,64.0,59.0,51.0,60.8,51.1,53.3,51.6
Hardwar ,Uttarakhand,76.4,40.3,2.3,38.2,79.8,15.9,69.8,61.5,46.6,43.8,63.1,42.8,53.3,31.5
Darjiling ,West Bengal,77.0,41.3,6.3,62.2,98.4,11.8,83.0,68.8,26.3,59.2,68.1,59.1,53.3,60.1
Jalpaiguri ,West Bengal,73.6,33.9,11.8,70.7,95.8,15.8,73.2,42.7,35.8,71.4,67.4,72.2,53.3,66.6
Koch Bihar ,West Bengal,79.2,26.7,27.3,58.8,93.0,18.1,75.7,25.7,36.0,74.8,66.4,74.9,53.3,71.2
Uttar Dinajpur ,West Bengal,65.4,29.3,12.7,59.3,76.9,16.5,63.8,27.2,21.0,72.4,77.2,71.9,84.4,63.6
Dakshin Dinajpur ,West Bengal,74.3,30.5,18.2,76.2,91.4,14.9,79.0,28.7,28.3,82.0,72.5,82.8,53.3,78.7
Maldah ,West Bengal,72.3,30.0,18.9,58.8,87.7,15.7,62.0,29.6,29.0,73.6,71.0,73.8,53.3,68.5
Murshidabad ,West Bengal,67.6,24.2,20.6,52.8,87.0,19.9,69.7,30.7,28.4,77.6,72.1,78.0,53.3,73.0
Birbhum ,West Bengal,70.8,25.8,25.0,51.5,90.3,20.5,55.0,28.1,37.7,77.7,76.5,78.2,53.3,78.6
Nadia ,West Bengal,76.2,28.3,15.1,57.9,97.7,8.3,78.4,34.2,23.0,73.4,63.6,73.8,53.3,68.2
North Twenty Four Pargana ,West Bengal,85.5,40.7,11.5,73.3,97.5,6.5,80.4,58.9,30.7,65.3,57.9,65.4,53.3,68.4
Hugli ,West Bengal,77.4,37.0,13.2,68.1,97.0,14.1,76.2,54.6,26.5,75.1,67.9,75.1,53.3,75.1
Bankura ,West Bengal,68.3,27.9,16.0,60.5,93.3,28.0,49.2,20.8,43.4,77.0,67.1,77.3,53.3,80.3
Puruliya ,West Bengal,61.0,26.9,12.0,53.4,89.8,33.7,29.2,23.2,35.6,76.7,77.9,76.9,53.3,79.2
Haora ,West Bengal,80.5,40.1,9.4,69.2,95.5,10.3,72.9,61.9,20.1,65.3,67.7,65.6,53.3,67.1
Kolkata ,West Bengal,87.6,55.4,4.9,67.5,97.5,6.6,60.9,91.7,21.1,58.2,72.3,58.4,53.3,61.4
South Twenty Four Pargana ,West Bengal,85.6,34.9,13.1,67.2,91.0,9.9,70.1,36.2,36.7,61.6,70.4,62.1,53.3,57.3
Paschim Medinipur ,West Bengal,70.9,26.2,25.0,64.3,87.6,18.9,58.3,17.5,25.8,81.5,66.0,82.0,53.3,84.5
Purba Medinipur ,West Bengal,77.0,30.9,22.0,51.6,91.5,16.5,69.8,17.0,21.5,70.4,67.5,70.5,53.3,73.8
Paschim Barddhaman ,West Bengal,73.5,37.1,15.4,57.0,89.8,18.4,71.5,56.3,21.8,65.8,74.7,66.5,49.4,65.6
